{
  "trial_id": "1776372045147_w1_0026",
  "worker_id": 1,
  "gpu": 1,
  "timestamp": "2026-04-16 15:40:45",
  "duration_sec": 1038.18,
  "status": "ok",
  "model": "yolo26m.pt",
  "imgsz": 960,
  "batch": 16,
  "optimizer": "AdamW",
  "lr0": 0.003,
  "lrf": 0.1,
  "momentum": 0.95,
  "weight_decay": 0.001,
  "warmup_epochs": 5.0,
  "cos_lr": false,
  "box": 10.0,
  "cls": 1.0,
  "dfl": 0.5,
  "hsv_h": 0.05,
  "hsv_s": 0.5,
  "hsv_v": 0.2,
  "degrees": 0.0,
  "translate": 0.0,
  "scale": 0.25,
  "fliplr": 0.5,
  "flipud": 0.1,
  "mosaic": 1.0,
  "mixup": 0.0,
  "copy_paste": 0.0,
  "erasing": 0.2,
  "close_mosaic": 10,
  "dropout": 0.1,
  "best_conf": 0.3,
  "count_mse": 3.3846153846153846,
  "count_mae": 1.3626373626373627,
  "count_mse_pred_mean": 15.87912087912088,
  "count_mse_true_mean": 15.901098901098901,
  "n_val_images": 91,
  "mAP50": 0.8911404293754274
}