{
  "trial_id": "1776368180100_w1_0008",
  "worker_id": 1,
  "gpu": 1,
  "timestamp": "2026-04-16 14:36:20",
  "duration_sec": 289.59,
  "status": "ok",
  "model": "yolo26m.pt",
  "imgsz": 960,
  "batch": 16,
  "optimizer": "SGD",
  "lr0": 0.003,
  "lrf": 0.1,
  "momentum": 0.85,
  "weight_decay": 0.0005,
  "warmup_epochs": 3.0,
  "cos_lr": true,
  "box": 7.5,
  "cls": 0.5,
  "dfl": 0.5,
  "hsv_h": 0.0,
  "hsv_s": 0.7,
  "hsv_v": 0.4,
  "degrees": 5.0,
  "translate": 0.2,
  "scale": 0.8,
  "fliplr": 0.0,
  "flipud": 0.0,
  "mosaic": 0.0,
  "mixup": 0.25,
  "copy_paste": 0.0,
  "erasing": 0.0,
  "close_mosaic": 10,
  "dropout": 0.2,
  "best_conf": 0.25,
  "count_mse": 3.956043956043956,
  "count_mae": 1.5824175824175823,
  "count_mse_pred_mean": 15.637362637362637,
  "count_mse_true_mean": 15.901098901098901,
  "n_val_images": 91,
  "mAP50": 0.8960883708398636
}