{
  "trial_id": "1776324993015_w0_0011",
  "worker_id": 0,
  "gpu": 0,
  "timestamp": "2026-04-16 02:36:33",
  "duration_sec": 60.74,
  "status": "ok",
  "model": "yolo26s.pt",
  "imgsz": 800,
  "batch": 16,
  "optimizer": "SGD",
  "lr0": 0.003,
  "lrf": 0.01,
  "momentum": 0.85,
  "weight_decay": 0.0,
  "warmup_epochs": 5.0,
  "cos_lr": true,
  "box": 7.5,
  "cls": 0.25,
  "dfl": 0.5,
  "hsv_h": 0.05,
  "hsv_s": 0.9,
  "hsv_v": 0.4,
  "degrees": 5.0,
  "translate": 0.1,
  "scale": 0.8,
  "fliplr": 0.5,
  "flipud": 0.1,
  "mosaic": 0.0,
  "mixup": 0.25,
  "copy_paste": 0.5,
  "erasing": 0.4,
  "close_mosaic": 0,
  "dropout": 0.0,
  "best_conf": 0.2,
  "count_mse": 19.529411764705884,
  "count_mae": 3.4901960784313726,
  "count_mse_pred_mean": 17.862745098039216,
  "count_mse_true_mean": 17.54901960784314,
  "n_val_images": 51,
  "mAP50": 0.7522977820876173
}