{
  "trial_id": "1776371646803_w1_0025",
  "worker_id": 1,
  "gpu": 1,
  "timestamp": "2026-04-16 15:34:06",
  "duration_sec": 397.83,
  "status": "ok",
  "model": "yolo26m.pt",
  "imgsz": 1280,
  "batch": 8,
  "optimizer": "AdamW",
  "lr0": 0.003,
  "lrf": 0.1,
  "momentum": 0.85,
  "weight_decay": 0.0,
  "warmup_epochs": 5.0,
  "cos_lr": false,
  "box": 7.5,
  "cls": 0.25,
  "dfl": 2.5,
  "hsv_h": 0.0,
  "hsv_s": 0.7,
  "hsv_v": 0.4,
  "degrees": 0.0,
  "translate": 0.0,
  "scale": 0.5,
  "fliplr": 0.0,
  "flipud": 0.1,
  "mosaic": 1.0,
  "mixup": 0.1,
  "copy_paste": 0.2,
  "erasing": 0.4,
  "close_mosaic": 0,
  "dropout": 0.0,
  "best_conf": 0.25,
  "count_mse": 3.098901098901099,
  "count_mae": 1.4065934065934067,
  "count_mse_pred_mean": 15.835164835164836,
  "count_mse_true_mean": 15.901098901098901,
  "n_val_images": 91,
  "mAP50": 0.9126784478388459
}