{
  "trial_id": "1776320910430_w0_0009",
  "worker_id": 0,
  "gpu": 0,
  "timestamp": "2026-04-16 01:28:30",
  "duration_sec": 51.03,
  "status": "ok",
  "model": "yolo26n.pt",
  "imgsz": 640,
  "batch": 16,
  "optimizer": "SGD",
  "lr0": 0.01,
  "lrf": 0.05,
  "momentum": 0.937,
  "weight_decay": 0.0001,
  "warmup_epochs": 1.0,
  "cos_lr": true,
  "box": 5.0,
  "cls": 0.5,
  "dfl": 0.5,
  "hsv_h": 0.015,
  "hsv_s": 0.9,
  "hsv_v": 0.6,
  "degrees": 15.0,
  "translate": 0.1,
  "scale": 0.8,
  "fliplr": 0.5,
  "flipud": 0.1,
  "mosaic": 0.5,
  "mixup": 0.25,
  "copy_paste": 0.2,
  "erasing": 0.0,
  "close_mosaic": 20,
  "dropout": 0.2,
  "best_conf": 0.2,
  "count_mse": 35.03921568627451,
  "count_mae": 4.490196078431373,
  "count_mse_pred_mean": 14.352941176470589,
  "count_mse_true_mean": 17.54901960784314,
  "n_val_images": 51,
  "mAP50": 0.48077441100606066
}