{
  "trial_id": "1776411275776_w0_0073",
  "worker_id": 0,
  "gpu": 0,
  "timestamp": "2026-04-17 02:34:35",
  "duration_sec": 593.06,
  "status": "ok",
  "model": "yolo26m.pt",
  "imgsz": 1280,
  "batch": 16,
  "optimizer": "auto",
  "lr0": 0.003,
  "lrf": 0.01,
  "momentum": 0.937,
  "weight_decay": 0.0,
  "warmup_epochs": 5.0,
  "cos_lr": true,
  "box": 7.5,
  "cls": 0.25,
  "dfl": 0.5,
  "hsv_h": 0.0,
  "hsv_s": 0.3,
  "hsv_v": 0.4,
  "degrees": 0.0,
  "translate": 0.1,
  "scale": 0.8,
  "fliplr": 0.0,
  "flipud": 0.1,
  "mosaic": 0.5,
  "mixup": 0.0,
  "copy_paste": 0.0,
  "erasing": 0.0,
  "close_mosaic": 10,
  "dropout": 0.2,
  "best_conf": 0.25,
  "count_mse": 3.405940594059406,
  "count_mae": 1.3663366336633664,
  "count_mse_pred_mean": 16.326732673267326,
  "count_mse_true_mean": 16.425742574257427,
  "n_val_images": 101,
  "mAP50": 0.9041316147234474
}