{
  "trial_id": "1776370437785_w1_0018",
  "worker_id": 1,
  "gpu": 1,
  "timestamp": "2026-04-16 15:13:57",
  "duration_sec": 496.55,
  "status": "ok",
  "model": "yolo26m.pt",
  "imgsz": 1280,
  "batch": 8,
  "optimizer": "auto",
  "lr0": 0.003,
  "lrf": 0.01,
  "momentum": 0.95,
  "weight_decay": 0.001,
  "warmup_epochs": 1.0,
  "cos_lr": true,
  "box": 5.0,
  "cls": 0.25,
  "dfl": 2.5,
  "hsv_h": 0.05,
  "hsv_s": 0.5,
  "hsv_v": 0.2,
  "degrees": 15.0,
  "translate": 0.1,
  "scale": 0.8,
  "fliplr": 0.0,
  "flipud": 0.0,
  "mosaic": 0.5,
  "mixup": 0.0,
  "copy_paste": 0.0,
  "erasing": 0.0,
  "close_mosaic": 0,
  "dropout": 0.2,
  "best_conf": 0.3,
  "count_mse": 4.285714285714286,
  "count_mae": 1.6043956043956045,
  "count_mse_pred_mean": 15.989010989010989,
  "count_mse_true_mean": 15.901098901098901,
  "n_val_images": 91,
  "mAP50": 0.9006136745730411
}