{
  "trial_id": "1776390060110_w0_0027",
  "worker_id": 0,
  "gpu": 0,
  "timestamp": "2026-04-16 20:41:00",
  "duration_sec": 589.54,
  "status": "ok",
  "model": "yolo26m.pt",
  "imgsz": 1280,
  "batch": 16,
  "optimizer": "auto",
  "lr0": 0.003,
  "lrf": 0.05,
  "momentum": 0.937,
  "weight_decay": 0.001,
  "warmup_epochs": 5.0,
  "cos_lr": true,
  "box": 10.0,
  "cls": 1.0,
  "dfl": 1.5,
  "hsv_h": 0.0,
  "hsv_s": 0.5,
  "hsv_v": 0.4,
  "degrees": 0.0,
  "translate": 0.0,
  "scale": 0.25,
  "fliplr": 0.0,
  "flipud": 0.1,
  "mosaic": 0.5,
  "mixup": 0.25,
  "copy_paste": 0.0,
  "erasing": 0.2,
  "close_mosaic": 5,
  "dropout": 0.0,
  "best_conf": 0.3,
  "count_mse": 3.4752475247524752,
  "count_mae": 1.4158415841584158,
  "count_mse_pred_mean": 16.019801980198018,
  "count_mse_true_mean": 16.425742574257427,
  "n_val_images": 101,
  "mAP50": 0.9064451262932167
}