{
  "trial_id": "1776320601256_w0_0006",
  "worker_id": 0,
  "gpu": 0,
  "timestamp": "2026-04-16 01:23:21",
  "duration_sec": 62.61,
  "status": "ok",
  "model": "yolo26n.pt",
  "imgsz": 960,
  "batch": 16,
  "optimizer": "auto",
  "lr0": 0.0001,
  "lrf": 0.1,
  "momentum": 0.937,
  "weight_decay": 0.0001,
  "warmup_epochs": 5.0,
  "cos_lr": true,
  "box": 5.0,
  "cls": 1.0,
  "dfl": 0.5,
  "hsv_h": 0.05,
  "hsv_s": 0.3,
  "hsv_v": 0.4,
  "degrees": 5.0,
  "translate": 0.2,
  "scale": 0.25,
  "fliplr": 0.5,
  "flipud": 0.0,
  "mosaic": 0.5,
  "mixup": 0.0,
  "copy_paste": 0.5,
  "erasing": 0.0,
  "close_mosaic": 10,
  "dropout": 0.1,
  "best_conf": 0.25,
  "count_mse": 18.627450980392158,
  "count_mae": 3.5294117647058822,
  "count_mse_pred_mean": 18.176470588235293,
  "count_mse_true_mean": 17.54901960784314,
  "n_val_images": 51,
  "mAP50": 0.7410253113307131
}