{
  "trial_id": "1776410688751_w0_0072",
  "worker_id": 0,
  "gpu": 0,
  "timestamp": "2026-04-17 02:24:48",
  "duration_sec": 586.4,
  "status": "ok",
  "model": "yolo26m.pt",
  "imgsz": 1280,
  "batch": 16,
  "optimizer": "SGD",
  "lr0": 0.003,
  "lrf": 0.05,
  "momentum": 0.937,
  "weight_decay": 0.001,
  "warmup_epochs": 1.0,
  "cos_lr": true,
  "box": 7.5,
  "cls": 0.5,
  "dfl": 0.5,
  "hsv_h": 0.015,
  "hsv_s": 0.3,
  "hsv_v": 0.4,
  "degrees": 0.0,
  "translate": 0.0,
  "scale": 0.25,
  "fliplr": 0.0,
  "flipud": 0.1,
  "mosaic": 0.5,
  "mixup": 0.0,
  "copy_paste": 0.0,
  "erasing": 0.0,
  "close_mosaic": 5,
  "dropout": 0.0,
  "best_conf": 0.25,
  "count_mse": 3.5643564356435644,
  "count_mae": 1.4653465346534653,
  "count_mse_pred_mean": 16.524752475247524,
  "count_mse_true_mean": 16.425742574257427,
  "n_val_images": 101,
  "mAP50": 0.9048569137182708
}