{
  "trial_id": "1776369867228_w1_0015",
  "worker_id": 1,
  "gpu": 1,
  "timestamp": "2026-04-16 15:04:27",
  "duration_sec": 125.9,
  "status": "ok",
  "model": "yolo26s.pt",
  "imgsz": 960,
  "batch": 16,
  "optimizer": "SGD",
  "lr0": 0.01,
  "lrf": 0.01,
  "momentum": 0.95,
  "weight_decay": 0.0,
  "warmup_epochs": 1.0,
  "cos_lr": true,
  "box": 7.5,
  "cls": 0.5,
  "dfl": 0.5,
  "hsv_h": 0.015,
  "hsv_s": 0.3,
  "hsv_v": 0.2,
  "degrees": 0.0,
  "translate": 0.0,
  "scale": 0.25,
  "fliplr": 0.5,
  "flipud": 0.1,
  "mosaic": 0.5,
  "mixup": 0.25,
  "copy_paste": 0.2,
  "erasing": 0.2,
  "close_mosaic": 0,
  "dropout": 0.2,
  "best_conf": 0.3,
  "count_mse": 3.989010989010989,
  "count_mae": 1.5494505494505495,
  "count_mse_pred_mean": 15.274725274725276,
  "count_mse_true_mean": 15.901098901098901,
  "n_val_images": 91,
  "mAP50": 0.8912203502723309
}