{
  "trial_id": "1776369031947_w1_0011",
  "worker_id": 1,
  "gpu": 1,
  "timestamp": "2026-04-16 14:50:31",
  "duration_sec": 392.88,
  "status": "ok",
  "model": "yolo26m.pt",
  "imgsz": 1280,
  "batch": 8,
  "optimizer": "AdamW",
  "lr0": 0.001,
  "lrf": 0.005,
  "momentum": 0.95,
  "weight_decay": 0.0005,
  "warmup_epochs": 3.0,
  "cos_lr": true,
  "box": 2.0,
  "cls": 1.0,
  "dfl": 0.5,
  "hsv_h": 0.015,
  "hsv_s": 0.5,
  "hsv_v": 0.2,
  "degrees": 0.0,
  "translate": 0.0,
  "scale": 0.5,
  "fliplr": 0.5,
  "flipud": 0.1,
  "mosaic": 0.0,
  "mixup": 0.0,
  "copy_paste": 0.5,
  "erasing": 0.0,
  "close_mosaic": 20,
  "dropout": 0.2,
  "best_conf": 0.25,
  "count_mse": 3.901098901098901,
  "count_mae": 1.5494505494505495,
  "count_mse_pred_mean": 16.263736263736263,
  "count_mse_true_mean": 15.901098901098901,
  "n_val_images": 91,
  "mAP50": 0.9130501460542462
}