{
  "trial_id": "1776320047483_w1_0000",
  "worker_id": 1,
  "gpu": 1,
  "timestamp": "2026-04-16 01:14:07",
  "duration_sec": 77.01,
  "status": "ok",
  "model": "yolo26n.pt",
  "imgsz": 960,
  "batch": 32,
  "optimizer": "SGD",
  "lr0": 0.01,
  "lrf": 0.01,
  "momentum": 0.95,
  "weight_decay": 0.0,
  "warmup_epochs": 5.0,
  "cos_lr": true,
  "box": 5.0,
  "cls": 2.0,
  "dfl": 0.5,
  "hsv_h": 0.0,
  "hsv_s": 0.3,
  "hsv_v": 0.6,
  "degrees": 5.0,
  "translate": 0.2,
  "scale": 0.5,
  "fliplr": 0.0,
  "flipud": 0.1,
  "mosaic": 1.0,
  "mixup": 0.0,
  "copy_paste": 0.0,
  "erasing": 0.2,
  "close_mosaic": 0,
  "dropout": 0.2,
  "best_conf": 0.1,
  "count_mse": 18.607843137254903,
  "count_mae": 3.549019607843137,
  "count_mse_pred_mean": 19.764705882352942,
  "count_mse_true_mean": 17.54901960784314,
  "n_val_images": 51,
  "mAP50": 0.6454688240955041
}