{
  "trial_id": "1776389474178_w0_0026",
  "worker_id": 0,
  "gpu": 0,
  "timestamp": "2026-04-16 20:31:14",
  "duration_sec": 585.3,
  "status": "ok",
  "model": "yolo26m.pt",
  "imgsz": 1280,
  "batch": 16,
  "optimizer": "SGD",
  "lr0": 0.003,
  "lrf": 0.05,
  "momentum": 0.95,
  "weight_decay": 0.0,
  "warmup_epochs": 5.0,
  "cos_lr": true,
  "box": 7.5,
  "cls": 1.0,
  "dfl": 1.5,
  "hsv_h": 0.015,
  "hsv_s": 0.5,
  "hsv_v": 0.4,
  "degrees": 5.0,
  "translate": 0.1,
  "scale": 0.8,
  "fliplr": 0.0,
  "flipud": 0.1,
  "mosaic": 0.5,
  "mixup": 0.0,
  "copy_paste": 0.0,
  "erasing": 0.2,
  "close_mosaic": 5,
  "dropout": 0.2,
  "best_conf": 0.25,
  "count_mse": 3.514851485148515,
  "count_mae": 1.4752475247524752,
  "count_mse_pred_mean": 16.198019801980198,
  "count_mse_true_mean": 16.425742574257427,
  "n_val_images": 101,
  "mAP50": 0.8928015050207591
}