{
  "trial_id": "1776324211491_w0_0002",
  "worker_id": 0,
  "gpu": 0,
  "timestamp": "2026-04-16 02:23:31",
  "duration_sec": 49.15,
  "status": "ok",
  "model": "yolo26n.pt",
  "imgsz": 640,
  "batch": 16,
  "optimizer": "SGD",
  "lr0": 0.01,
  "lrf": 0.05,
  "momentum": 0.9,
  "weight_decay": 0.0001,
  "warmup_epochs": 3.0,
  "cos_lr": true,
  "box": 7.5,
  "cls": 0.5,
  "dfl": 0.5,
  "hsv_h": 0.05,
  "hsv_s": 0.5,
  "hsv_v": 0.6,
  "degrees": 15.0,
  "translate": 0.2,
  "scale": 0.8,
  "fliplr": 0.5,
  "flipud": 0.1,
  "mosaic": 0.0,
  "mixup": 0.1,
  "copy_paste": 0.2,
  "erasing": 0.2,
  "close_mosaic": 10,
  "dropout": 0.1,
  "best_conf": 0.2,
  "count_mse": 30.11764705882353,
  "count_mae": 4.2745098039215685,
  "count_mse_pred_mean": 16.607843137254903,
  "count_mse_true_mean": 17.54901960784314,
  "n_val_images": 51,
  "mAP50": 0.4364208332352336
}