{
  "trial_id": "1776367756415_w0_0003",
  "worker_id": 0,
  "gpu": 0,
  "timestamp": "2026-04-16 14:29:16",
  "duration_sec": 255.12,
  "status": "ok",
  "model": "yolo26m.pt",
  "imgsz": 960,
  "batch": 8,
  "optimizer": "AdamW",
  "lr0": 0.001,
  "lrf": 0.1,
  "momentum": 0.9,
  "weight_decay": 0.001,
  "warmup_epochs": 1.0,
  "cos_lr": true,
  "box": 10.0,
  "cls": 1.0,
  "dfl": 1.5,
  "hsv_h": 0.015,
  "hsv_s": 0.5,
  "hsv_v": 0.2,
  "degrees": 15.0,
  "translate": 0.2,
  "scale": 0.5,
  "fliplr": 0.0,
  "flipud": 0.1,
  "mosaic": 0.0,
  "mixup": 0.0,
  "copy_paste": 0.5,
  "erasing": 0.4,
  "close_mosaic": 0,
  "dropout": 0.1,
  "best_conf": 0.3,
  "count_mse": 3.681318681318681,
  "count_mae": 1.3516483516483517,
  "count_mse_pred_mean": 15.736263736263735,
  "count_mse_true_mean": 15.901098901098901,
  "n_val_images": 91,
  "mAP50": 0.8939483943015065
}