{
  "trial_id": "1776360503259_w1_0005",
  "worker_id": 1,
  "gpu": 1,
  "timestamp": "2026-04-16 12:28:23",
  "duration_sec": 176.6,
  "status": "ok",
  "model": "yolo26n.pt",
  "imgsz": 1280,
  "batch": 16,
  "optimizer": "AdamW",
  "lr0": 0.003,
  "lrf": 0.01,
  "momentum": 0.95,
  "weight_decay": 0.001,
  "warmup_epochs": 1.0,
  "cos_lr": false,
  "box": 5.0,
  "cls": 2.0,
  "dfl": 2.5,
  "hsv_h": 0.015,
  "hsv_s": 0.5,
  "hsv_v": 0.4,
  "degrees": 0.0,
  "translate": 0.2,
  "scale": 0.25,
  "fliplr": 0.5,
  "flipud": 0.0,
  "mosaic": 0.5,
  "mixup": 0.0,
  "copy_paste": 0.5,
  "erasing": 0.4,
  "close_mosaic": 10,
  "dropout": 0.0,
  "best_conf": 0.4,
  "count_mse": 6.637362637362638,
  "count_mae": 2.0,
  "count_mse_pred_mean": 15.703296703296703,
  "count_mse_true_mean": 15.901098901098901,
  "n_val_images": 91,
  "mAP50": 0.8271354661928749
}