{
  "trial_id": "1776390650298_w0_0028",
  "worker_id": 0,
  "gpu": 0,
  "timestamp": "2026-04-16 20:50:50",
  "duration_sec": 304.31,
  "status": "ok",
  "model": "yolo26s.pt",
  "imgsz": 1280,
  "batch": 16,
  "optimizer": "auto",
  "lr0": 0.001,
  "lrf": 0.05,
  "momentum": 0.95,
  "weight_decay": 0.0,
  "warmup_epochs": 5.0,
  "cos_lr": true,
  "box": 10.0,
  "cls": 0.5,
  "dfl": 1.5,
  "hsv_h": 0.015,
  "hsv_s": 0.3,
  "hsv_v": 0.4,
  "degrees": 5.0,
  "translate": 0.1,
  "scale": 0.25,
  "fliplr": 0.0,
  "flipud": 0.1,
  "mosaic": 0.5,
  "mixup": 0.0,
  "copy_paste": 0.0,
  "erasing": 0.0,
  "close_mosaic": 5,
  "dropout": 0.0,
  "best_conf": 0.3,
  "count_mse": 3.4752475247524752,
  "count_mae": 1.3762376237623761,
  "count_mse_pred_mean": 16.257425742574256,
  "count_mse_true_mean": 16.425742574257427,
  "n_val_images": 101,
  "mAP50": 0.8966783457807685
}