{
  "trial_id": "1776324736530_w0_0007",
  "worker_id": 0,
  "gpu": 0,
  "timestamp": "2026-04-16 02:32:16",
  "duration_sec": 74.09,
  "status": "ok",
  "model": "yolo26s.pt",
  "imgsz": 800,
  "batch": 16,
  "optimizer": "SGD",
  "lr0": 0.01,
  "lrf": 0.05,
  "momentum": 0.9,
  "weight_decay": 0.0001,
  "warmup_epochs": 5.0,
  "cos_lr": false,
  "box": 7.5,
  "cls": 0.5,
  "dfl": 0.5,
  "hsv_h": 0.0,
  "hsv_s": 0.5,
  "hsv_v": 0.4,
  "degrees": 15.0,
  "translate": 0.0,
  "scale": 0.8,
  "fliplr": 0.5,
  "flipud": 0.0,
  "mosaic": 1.0,
  "mixup": 0.1,
  "copy_paste": 0.0,
  "erasing": 0.2,
  "close_mosaic": 10,
  "dropout": 0.2,
  "best_conf": 0.25,
  "count_mse": 15.07843137254902,
  "count_mae": 2.7254901960784315,
  "count_mse_pred_mean": 16.274509803921568,
  "count_mse_true_mean": 17.54901960784314,
  "n_val_images": 51,
  "mAP50": 0.7986225758075031
}