{
  "trial_id": "1776385322387_w0_0017",
  "worker_id": 0,
  "gpu": 0,
  "timestamp": "2026-04-16 19:22:02",
  "duration_sec": 580.93,
  "status": "ok",
  "model": "yolo26m.pt",
  "imgsz": 1280,
  "batch": 16,
  "optimizer": "SGD",
  "lr0": 0.003,
  "lrf": 0.05,
  "momentum": 0.95,
  "weight_decay": 0.0,
  "warmup_epochs": 1.0,
  "cos_lr": true,
  "box": 10.0,
  "cls": 0.5,
  "dfl": 0.5,
  "hsv_h": 0.015,
  "hsv_s": 0.5,
  "hsv_v": 0.4,
  "degrees": 5.0,
  "translate": 0.0,
  "scale": 0.25,
  "fliplr": 0.0,
  "flipud": 0.1,
  "mosaic": 0.5,
  "mixup": 0.0,
  "copy_paste": 0.0,
  "erasing": 0.2,
  "close_mosaic": 5,
  "dropout": 0.2,
  "best_conf": 0.25,
  "count_mse": 3.485148514851485,
  "count_mae": 1.3663366336633664,
  "count_mse_pred_mean": 16.504950495049506,
  "count_mse_true_mean": 16.425742574257427,
  "n_val_images": 101,
  "mAP50": 0.9050553930757577
}