{
  "trial_id": "1776368012003_w0_0004",
  "worker_id": 0,
  "gpu": 0,
  "timestamp": "2026-04-16 14:33:32",
  "duration_sec": 216.26,
  "status": "ok",
  "model": "yolo26s.pt",
  "imgsz": 960,
  "batch": 16,
  "optimizer": "AdamW",
  "lr0": 0.0005,
  "lrf": 0.005,
  "momentum": 0.85,
  "weight_decay": 0.001,
  "warmup_epochs": 3.0,
  "cos_lr": false,
  "box": 5.0,
  "cls": 0.5,
  "dfl": 1.5,
  "hsv_h": 0.05,
  "hsv_s": 0.7,
  "hsv_v": 0.4,
  "degrees": 5.0,
  "translate": 0.2,
  "scale": 0.25,
  "fliplr": 0.5,
  "flipud": 0.1,
  "mosaic": 0.0,
  "mixup": 0.1,
  "copy_paste": 0.5,
  "erasing": 0.0,
  "close_mosaic": 0,
  "dropout": 0.0,
  "best_conf": 0.3,
  "count_mse": 4.450549450549451,
  "count_mae": 1.5934065934065933,
  "count_mse_pred_mean": 15.252747252747254,
  "count_mse_true_mean": 15.901098901098901,
  "n_val_images": 91,
  "mAP50": 0.8934367810158262
}