{
  "trial_id": "1776325632599_w0_0016",
  "worker_id": 0,
  "gpu": 0,
  "timestamp": "2026-04-16 02:47:12",
  "duration_sec": 89.8,
  "status": "ok",
  "model": "yolo26s.pt",
  "imgsz": 960,
  "batch": 16,
  "optimizer": "SGD",
  "lr0": 0.0005,
  "lrf": 0.05,
  "momentum": 0.85,
  "weight_decay": 0.0005,
  "warmup_epochs": 3.0,
  "cos_lr": false,
  "box": 5.0,
  "cls": 0.5,
  "dfl": 0.5,
  "hsv_h": 0.0,
  "hsv_s": 0.3,
  "hsv_v": 0.4,
  "degrees": 5.0,
  "translate": 0.0,
  "scale": 0.25,
  "fliplr": 0.5,
  "flipud": 0.0,
  "mosaic": 0.5,
  "mixup": 0.25,
  "copy_paste": 0.5,
  "erasing": 0.2,
  "close_mosaic": 10,
  "dropout": 0.2,
  "best_conf": 0.2,
  "count_mse": 14.07843137254902,
  "count_mae": 2.8627450980392157,
  "count_mse_pred_mean": 17.274509803921568,
  "count_mse_true_mean": 17.54901960784314,
  "n_val_images": 51,
  "mAP50": 0.7822134715148465
}