{
  "trial_id": "1776382349000_w0_0011",
  "worker_id": 0,
  "gpu": 0,
  "timestamp": "2026-04-16 18:32:29",
  "duration_sec": 307.29,
  "status": "ok",
  "model": "yolo26s.pt",
  "imgsz": 1280,
  "batch": 16,
  "optimizer": "auto",
  "lr0": 0.003,
  "lrf": 0.01,
  "momentum": 0.937,
  "weight_decay": 0.0,
  "warmup_epochs": 5.0,
  "cos_lr": true,
  "box": 7.5,
  "cls": 0.25,
  "dfl": 1.5,
  "hsv_h": 0.0,
  "hsv_s": 0.3,
  "hsv_v": 0.4,
  "degrees": 5.0,
  "translate": 0.0,
  "scale": 0.25,
  "fliplr": 0.0,
  "flipud": 0.1,
  "mosaic": 0.5,
  "mixup": 0.25,
  "copy_paste": 0.0,
  "erasing": 0.2,
  "close_mosaic": 10,
  "dropout": 0.3,
  "best_conf": 0.25,
  "count_mse": 3.504950495049505,
  "count_mae": 1.386138613861386,
  "count_mse_pred_mean": 16.88118811881188,
  "count_mse_true_mean": 16.425742574257427,
  "n_val_images": 101,
  "mAP50": 0.8957625351685508
}