{
  "trial_id": "1776320453090_w0_0004",
  "worker_id": 0,
  "gpu": 0,
  "timestamp": "2026-04-16 01:20:53",
  "duration_sec": 72.84,
  "status": "ok",
  "model": "yolo26n.pt",
  "imgsz": 960,
  "batch": 16,
  "optimizer": "SGD",
  "lr0": 0.001,
  "lrf": 0.05,
  "momentum": 0.95,
  "weight_decay": 0.001,
  "warmup_epochs": 5.0,
  "cos_lr": true,
  "box": 10.0,
  "cls": 2.0,
  "dfl": 1.5,
  "hsv_h": 0.015,
  "hsv_s": 0.3,
  "hsv_v": 0.6,
  "degrees": 0.0,
  "translate": 0.2,
  "scale": 0.8,
  "fliplr": 0.5,
  "flipud": 0.1,
  "mosaic": 1.0,
  "mixup": 0.1,
  "copy_paste": 0.5,
  "erasing": 0.0,
  "close_mosaic": 10,
  "dropout": 0.1,
  "best_conf": 0.2,
  "count_mse": 45.6078431372549,
  "count_mae": 5.0588235294117645,
  "count_mse_pred_mean": 14.686274509803921,
  "count_mse_true_mean": 17.54901960784314,
  "n_val_images": 51,
  "mAP50": 0.40551045971235133
}