{
  "trial_id": "1776366720152_w1_0000",
  "worker_id": 1,
  "gpu": 1,
  "timestamp": "2026-04-16 14:12:00",
  "duration_sec": 247.1,
  "status": "ok",
  "model": "yolo26m.pt",
  "imgsz": 960,
  "batch": 16,
  "optimizer": "auto",
  "lr0": 0.01,
  "lrf": 0.005,
  "momentum": 0.9,
  "weight_decay": 0.0,
  "warmup_epochs": 5.0,
  "cos_lr": true,
  "box": 7.5,
  "cls": 0.25,
  "dfl": 1.5,
  "hsv_h": 0.0,
  "hsv_s": 0.9,
  "hsv_v": 0.6,
  "degrees": 5.0,
  "translate": 0.0,
  "scale": 0.8,
  "fliplr": 0.5,
  "flipud": 0.1,
  "mosaic": 0.5,
  "mixup": 0.1,
  "copy_paste": 0.5,
  "erasing": 0.2,
  "close_mosaic": 0,
  "dropout": 0.2,
  "best_conf": 0.25,
  "count_mse": 4.1208791208791204,
  "count_mae": 1.5494505494505495,
  "count_mse_pred_mean": 15.802197802197803,
  "count_mse_true_mean": 15.901098901098901,
  "n_val_images": 91,
  "mAP50": 0.8880006483391304
}