{
  "trial_id": "1776320124499_w1_0001",
  "worker_id": 1,
  "gpu": 1,
  "timestamp": "2026-04-16 01:15:24",
  "duration_sec": 62.25,
  "status": "ok",
  "model": "yolo26s.pt",
  "imgsz": 640,
  "batch": 16,
  "optimizer": "AdamW",
  "lr0": 0.0005,
  "lrf": 0.005,
  "momentum": 0.9,
  "weight_decay": 0.0005,
  "warmup_epochs": 5.0,
  "cos_lr": false,
  "box": 2.0,
  "cls": 2.0,
  "dfl": 1.5,
  "hsv_h": 0.0,
  "hsv_s": 0.3,
  "hsv_v": 0.2,
  "degrees": 5.0,
  "translate": 0.1,
  "scale": 0.25,
  "fliplr": 0.0,
  "flipud": 0.0,
  "mosaic": 1.0,
  "mixup": 0.0,
  "copy_paste": 0.2,
  "erasing": 0.2,
  "close_mosaic": 0,
  "dropout": 0.2,
  "best_conf": 0.25,
  "count_mse": 10.098039215686274,
  "count_mae": 2.3333333333333335,
  "count_mse_pred_mean": 18.0,
  "count_mse_true_mean": 17.54901960784314,
  "n_val_images": 51,
  "mAP50": 0.7989135554867037
}