{
  "trial_id": "1776325477914_w0_0015",
  "worker_id": 0,
  "gpu": 0,
  "timestamp": "2026-04-16 02:44:37",
  "duration_sec": 154.68,
  "status": "ok",
  "model": "yolo26m.pt",
  "imgsz": 960,
  "batch": 8,
  "optimizer": "AdamW",
  "lr0": 0.0001,
  "lrf": 0.05,
  "momentum": 0.937,
  "weight_decay": 0.0001,
  "warmup_epochs": 5.0,
  "cos_lr": false,
  "box": 10.0,
  "cls": 0.25,
  "dfl": 1.5,
  "hsv_h": 0.0,
  "hsv_s": 0.5,
  "hsv_v": 0.6,
  "degrees": 15.0,
  "translate": 0.2,
  "scale": 0.5,
  "fliplr": 0.5,
  "flipud": 0.1,
  "mosaic": 0.5,
  "mixup": 0.25,
  "copy_paste": 0.5,
  "erasing": 0.0,
  "close_mosaic": 20,
  "dropout": 0.2,
  "best_conf": 0.2,
  "count_mse": 8.392156862745098,
  "count_mae": 2.3529411764705883,
  "count_mse_pred_mean": 18.333333333333332,
  "count_mse_true_mean": 17.54901960784314,
  "n_val_images": 51,
  "mAP50": 0.8428256852942824
}