{
  "trial_id": "1776367357503_w1_0004",
  "worker_id": 1,
  "gpu": 1,
  "timestamp": "2026-04-16 14:22:37",
  "duration_sec": 224.15,
  "status": "ok",
  "model": "yolo26s.pt",
  "imgsz": 1280,
  "batch": 8,
  "optimizer": "AdamW",
  "lr0": 0.003,
  "lrf": 0.01,
  "momentum": 0.95,
  "weight_decay": 0.0001,
  "warmup_epochs": 1.0,
  "cos_lr": false,
  "box": 2.0,
  "cls": 2.0,
  "dfl": 0.5,
  "hsv_h": 0.015,
  "hsv_s": 0.3,
  "hsv_v": 0.4,
  "degrees": 15.0,
  "translate": 0.0,
  "scale": 0.25,
  "fliplr": 0.0,
  "flipud": 0.1,
  "mosaic": 1.0,
  "mixup": 0.1,
  "copy_paste": 0.2,
  "erasing": 0.4,
  "close_mosaic": 0,
  "dropout": 0.2,
  "best_conf": 0.35,
  "count_mse": 4.252747252747253,
  "count_mae": 1.6153846153846154,
  "count_mse_pred_mean": 15.604395604395604,
  "count_mse_true_mean": 15.901098901098901,
  "n_val_images": 91,
  "mAP50": 0.8783278949952459
}