{
  "trial_id": "1776359440318_w1_0000",
  "worker_id": 1,
  "gpu": 1,
  "timestamp": "2026-04-16 12:10:40",
  "duration_sec": 116.74,
  "status": "ok",
  "model": "yolo26n.pt",
  "imgsz": 960,
  "batch": 16,
  "optimizer": "auto",
  "lr0": 0.01,
  "lrf": 0.01,
  "momentum": 0.9,
  "weight_decay": 0.0001,
  "warmup_epochs": 1.0,
  "cos_lr": true,
  "box": 10.0,
  "cls": 2.0,
  "dfl": 2.5,
  "hsv_h": 0.05,
  "hsv_s": 0.5,
  "hsv_v": 0.6,
  "degrees": 5.0,
  "translate": 0.1,
  "scale": 0.5,
  "fliplr": 0.0,
  "flipud": 0.0,
  "mosaic": 0.5,
  "mixup": 0.25,
  "copy_paste": 0.0,
  "erasing": 0.0,
  "close_mosaic": 10,
  "dropout": 0.0,
  "best_conf": 0.25,
  "count_mse": 6.868131868131868,
  "count_mae": 2.032967032967033,
  "count_mse_pred_mean": 16.175824175824175,
  "count_mse_true_mean": 15.901098901098901,
  "n_val_images": 91,
  "mAP50": 0.8148148480914773
}