{
  "trial_id": "1776320270118_w1_0003",
  "worker_id": 1,
  "gpu": 1,
  "timestamp": "2026-04-16 01:17:50",
  "duration_sec": 80.89,
  "status": "ok",
  "model": "yolo26s.pt",
  "imgsz": 800,
  "batch": 16,
  "optimizer": "auto",
  "lr0": 0.02,
  "lrf": 0.01,
  "momentum": 0.9,
  "weight_decay": 0.001,
  "warmup_epochs": 3.0,
  "cos_lr": true,
  "box": 2.0,
  "cls": 1.0,
  "dfl": 1.5,
  "hsv_h": 0.0,
  "hsv_s": 0.9,
  "hsv_v": 0.6,
  "degrees": 15.0,
  "translate": 0.0,
  "scale": 0.25,
  "fliplr": 0.5,
  "flipud": 0.1,
  "mosaic": 0.5,
  "mixup": 0.0,
  "copy_paste": 0.2,
  "erasing": 0.2,
  "close_mosaic": 20,
  "dropout": 0.0,
  "best_conf": 0.25,
  "count_mse": 10.196078431372548,
  "count_mae": 2.4705882352941178,
  "count_mse_pred_mean": 17.470588235294116,
  "count_mse_true_mean": 17.54901960784314,
  "n_val_images": 51,
  "mAP50": 0.8236198782112827
}