{
  "trial_id": "1776415212549_w0_0083",
  "worker_id": 0,
  "gpu": 0,
  "timestamp": "2026-04-17 03:40:12",
  "duration_sec": 583.56,
  "status": "ok",
  "model": "yolo26m.pt",
  "imgsz": 1280,
  "batch": 16,
  "optimizer": "auto",
  "lr0": 0.001,
  "lrf": 0.05,
  "momentum": 0.95,
  "weight_decay": 0.001,
  "warmup_epochs": 1.0,
  "cos_lr": true,
  "box": 7.5,
  "cls": 0.5,
  "dfl": 0.5,
  "hsv_h": 0.0,
  "hsv_s": 0.5,
  "hsv_v": 0.4,
  "degrees": 5.0,
  "translate": 0.0,
  "scale": 0.25,
  "fliplr": 0.0,
  "flipud": 0.1,
  "mosaic": 0.5,
  "mixup": 0.0,
  "copy_paste": 0.0,
  "erasing": 0.0,
  "close_mosaic": 10,
  "dropout": 0.3,
  "best_conf": 0.3,
  "count_mse": 3.198019801980198,
  "count_mae": 1.3366336633663367,
  "count_mse_pred_mean": 16.07920792079208,
  "count_mse_true_mean": 16.425742574257427,
  "n_val_images": 101,
  "mAP50": 0.9050953276768101
}