{
  "trial_id": "1776366967712_w1_0001",
  "worker_id": 1,
  "gpu": 1,
  "timestamp": "2026-04-16 14:16:07",
  "duration_sec": 143.78,
  "status": "ok",
  "model": "yolo26s.pt",
  "imgsz": 960,
  "batch": 16,
  "optimizer": "auto",
  "lr0": 0.0001,
  "lrf": 0.01,
  "momentum": 0.937,
  "weight_decay": 0.0,
  "warmup_epochs": 1.0,
  "cos_lr": true,
  "box": 5.0,
  "cls": 2.0,
  "dfl": 0.5,
  "hsv_h": 0.05,
  "hsv_s": 0.5,
  "hsv_v": 0.6,
  "degrees": 5.0,
  "translate": 0.2,
  "scale": 0.8,
  "fliplr": 0.5,
  "flipud": 0.0,
  "mosaic": 1.0,
  "mixup": 0.25,
  "copy_paste": 0.0,
  "erasing": 0.0,
  "close_mosaic": 10,
  "dropout": 0.0,
  "best_conf": 0.25,
  "count_mse": 4.373626373626373,
  "count_mae": 1.5824175824175823,
  "count_mse_pred_mean": 16.34065934065934,
  "count_mse_true_mean": 15.901098901098901,
  "n_val_images": 91,
  "mAP50": 0.8814825445073275
}