{
  "trial_id": "1776360086379_w1_0004",
  "worker_id": 1,
  "gpu": 1,
  "timestamp": "2026-04-16 12:21:26",
  "duration_sec": 416.87,
  "status": "ok",
  "model": "yolo26m.pt",
  "imgsz": 1280,
  "batch": 8,
  "optimizer": "AdamW",
  "lr0": 0.0005,
  "lrf": 0.1,
  "momentum": 0.85,
  "weight_decay": 0.0005,
  "warmup_epochs": 1.0,
  "cos_lr": true,
  "box": 5.0,
  "cls": 1.0,
  "dfl": 1.5,
  "hsv_h": 0.05,
  "hsv_s": 0.9,
  "hsv_v": 0.2,
  "degrees": 15.0,
  "translate": 0.1,
  "scale": 0.25,
  "fliplr": 0.0,
  "flipud": 0.1,
  "mosaic": 1.0,
  "mixup": 0.25,
  "copy_paste": 0.2,
  "erasing": 0.0,
  "close_mosaic": 10,
  "dropout": 0.1,
  "best_conf": 0.25,
  "count_mse": 2.8461538461538463,
  "count_mae": 1.2857142857142858,
  "count_mse_pred_mean": 15.934065934065934,
  "count_mse_true_mean": 15.901098901098901,
  "n_val_images": 91,
  "mAP50": 0.9175944555378992
}