{
  "trial_id": "1776320961459_w0_0010",
  "worker_id": 0,
  "gpu": 0,
  "timestamp": "2026-04-16 01:29:21",
  "duration_sec": 170.83,
  "status": "ok",
  "model": "yolo26s.pt",
  "imgsz": 1280,
  "batch": 32,
  "optimizer": "AdamW",
  "lr0": 0.02,
  "lrf": 0.1,
  "momentum": 0.85,
  "weight_decay": 0.0005,
  "warmup_epochs": 5.0,
  "cos_lr": false,
  "box": 7.5,
  "cls": 0.25,
  "dfl": 1.5,
  "hsv_h": 0.015,
  "hsv_s": 0.9,
  "hsv_v": 0.2,
  "degrees": 5.0,
  "translate": 0.0,
  "scale": 0.25,
  "fliplr": 0.0,
  "flipud": 0.0,
  "mosaic": 0.5,
  "mixup": 0.1,
  "copy_paste": 0.2,
  "erasing": 0.2,
  "close_mosaic": 5,
  "dropout": 0.2,
  "best_conf": 0.15,
  "count_mse": 8.627450980392156,
  "count_mae": 2.588235294117647,
  "count_mse_pred_mean": 18.254901960784313,
  "count_mse_true_mean": 17.54901960784314,
  "n_val_images": 51,
  "mAP50": 0.7540387374353874
}