{
  "trial_id": "1776381450875_w0_0009",
  "worker_id": 0,
  "gpu": 0,
  "timestamp": "2026-04-16 18:17:30",
  "duration_sec": 587.22,
  "status": "ok",
  "model": "yolo26m.pt",
  "imgsz": 1280,
  "batch": 16,
  "optimizer": "auto",
  "lr0": 0.001,
  "lrf": 0.01,
  "momentum": 0.937,
  "weight_decay": 0.0,
  "warmup_epochs": 1.0,
  "cos_lr": true,
  "box": 7.5,
  "cls": 0.25,
  "dfl": 0.5,
  "hsv_h": 0.0,
  "hsv_s": 0.3,
  "hsv_v": 0.4,
  "degrees": 0.0,
  "translate": 0.1,
  "scale": 0.8,
  "fliplr": 0.0,
  "flipud": 0.1,
  "mosaic": 0.5,
  "mixup": 0.0,
  "copy_paste": 0.0,
  "erasing": 0.0,
  "close_mosaic": 10,
  "dropout": 0.3,
  "best_conf": 0.25,
  "count_mse": 3.0792079207920793,
  "count_mae": 1.316831683168317,
  "count_mse_pred_mean": 16.356435643564357,
  "count_mse_true_mean": 16.425742574257427,
  "n_val_images": 101,
  "mAP50": 0.8985083659893218
}