{
  "trial_id": "1776386801397_w0_0020",
  "worker_id": 0,
  "gpu": 0,
  "timestamp": "2026-04-16 19:46:41",
  "duration_sec": 581.94,
  "status": "ok",
  "model": "yolo26m.pt",
  "imgsz": 1280,
  "batch": 16,
  "optimizer": "SGD",
  "lr0": 0.003,
  "lrf": 0.01,
  "momentum": 0.937,
  "weight_decay": 0.0,
  "warmup_epochs": 5.0,
  "cos_lr": true,
  "box": 5.0,
  "cls": 0.25,
  "dfl": 1.5,
  "hsv_h": 0.015,
  "hsv_s": 0.5,
  "hsv_v": 0.4,
  "degrees": 5.0,
  "translate": 0.0,
  "scale": 0.25,
  "fliplr": 0.0,
  "flipud": 0.1,
  "mosaic": 0.5,
  "mixup": 0.25,
  "copy_paste": 0.0,
  "erasing": 0.2,
  "close_mosaic": 10,
  "dropout": 0.3,
  "best_conf": 0.25,
  "count_mse": 3.4158415841584158,
  "count_mae": 1.4158415841584158,
  "count_mse_pred_mean": 16.217821782178216,
  "count_mse_true_mean": 16.425742574257427,
  "n_val_images": 101,
  "mAP50": 0.9009087044339276
}