{
  "trial_id": "1776366118832_w0_0001",
  "worker_id": 0,
  "gpu": 0,
  "timestamp": "2026-04-16 14:01:58",
  "duration_sec": 142.37,
  "status": "ok",
  "model": "yolo26n.pt",
  "imgsz": 960,
  "batch": 16,
  "optimizer": "SGD",
  "lr0": 0.0005,
  "lrf": 0.005,
  "momentum": 0.95,
  "weight_decay": 0.0001,
  "warmup_epochs": 5.0,
  "cos_lr": false,
  "box": 2.0,
  "cls": 0.5,
  "dfl": 0.5,
  "hsv_h": 0.0,
  "hsv_s": 0.7,
  "hsv_v": 0.2,
  "degrees": 0.0,
  "translate": 0.0,
  "scale": 0.8,
  "fliplr": 0.0,
  "flipud": 0.0,
  "mosaic": 1.0,
  "mixup": 0.0,
  "copy_paste": 0.2,
  "erasing": 0.2,
  "close_mosaic": 10,
  "dropout": 0.1,
  "best_conf": 0.2,
  "count_mse": 23.615384615384617,
  "count_mae": 3.879120879120879,
  "count_mse_pred_mean": 16.021978021978022,
  "count_mse_true_mean": 15.901098901098901,
  "n_val_images": 91,
  "mAP50": 0.5109249601953223
}