{
  "trial_id": "1776325142896_w0_0013",
  "worker_id": 0,
  "gpu": 0,
  "timestamp": "2026-04-16 02:39:02",
  "duration_sec": 244.59,
  "status": "ok",
  "model": "yolo26m.pt",
  "imgsz": 1280,
  "batch": 8,
  "optimizer": "SGD",
  "lr0": 0.0001,
  "lrf": 0.05,
  "momentum": 0.937,
  "weight_decay": 0.0001,
  "warmup_epochs": 3.0,
  "cos_lr": true,
  "box": 7.5,
  "cls": 2.0,
  "dfl": 1.5,
  "hsv_h": 0.015,
  "hsv_s": 0.3,
  "hsv_v": 0.4,
  "degrees": 15.0,
  "translate": 0.1,
  "scale": 0.8,
  "fliplr": 0.0,
  "flipud": 0.1,
  "mosaic": 0.5,
  "mixup": 0.25,
  "copy_paste": 0.5,
  "erasing": 0.0,
  "close_mosaic": 10,
  "dropout": 0.0,
  "best_conf": 0.1,
  "count_mse": 12.647058823529411,
  "count_mae": 2.7254901960784315,
  "count_mse_pred_mean": 18.11764705882353,
  "count_mse_true_mean": 17.54901960784314,
  "n_val_images": 51,
  "mAP50": 0.7337854730936575
}