{
  "trial_id": "1776325770809_w0_0018",
  "worker_id": 0,
  "gpu": 0,
  "timestamp": "2026-04-16 02:49:30",
  "duration_sec": 50.62,
  "status": "ok",
  "model": "yolo26n.pt",
  "imgsz": 800,
  "batch": 16,
  "optimizer": "AdamW",
  "lr0": 0.0005,
  "lrf": 0.1,
  "momentum": 0.937,
  "weight_decay": 0.0005,
  "warmup_epochs": 3.0,
  "cos_lr": true,
  "box": 7.5,
  "cls": 1.0,
  "dfl": 1.5,
  "hsv_h": 0.05,
  "hsv_s": 0.5,
  "hsv_v": 0.4,
  "degrees": 15.0,
  "translate": 0.1,
  "scale": 0.8,
  "fliplr": 0.5,
  "flipud": 0.1,
  "mosaic": 1.0,
  "mixup": 0.0,
  "copy_paste": 0.0,
  "erasing": 0.2,
  "close_mosaic": 10,
  "dropout": 0.1,
  "best_conf": 0.1,
  "count_mse": 43.745098039215684,
  "count_mae": 5.078431372549019,
  "count_mse_pred_mean": 16.823529411764707,
  "count_mse_true_mean": 17.54901960784314,
  "n_val_images": 51,
  "mAP50": 0.46560980295742116
}