{
  "trial_id": "1776320045838_w0_0000",
  "worker_id": 0,
  "gpu": 0,
  "timestamp": "2026-04-16 01:14:05",
  "duration_sec": 139.04,
  "status": "ok",
  "model": "yolo26m.pt",
  "imgsz": 800,
  "batch": 32,
  "optimizer": "auto",
  "lr0": 0.003,
  "lrf": 0.1,
  "momentum": 0.95,
  "weight_decay": 0.001,
  "warmup_epochs": 3.0,
  "cos_lr": false,
  "box": 10.0,
  "cls": 0.25,
  "dfl": 0.5,
  "hsv_h": 0.015,
  "hsv_s": 0.7,
  "hsv_v": 0.6,
  "degrees": 15.0,
  "translate": 0.2,
  "scale": 0.8,
  "fliplr": 0.5,
  "flipud": 0.0,
  "mosaic": 1.0,
  "mixup": 0.1,
  "copy_paste": 0.0,
  "erasing": 0.4,
  "close_mosaic": 0,
  "dropout": 0.0,
  "best_conf": 0.2,
  "count_mse": 12.254901960784315,
  "count_mae": 2.6862745098039214,
  "count_mse_pred_mean": 17.96078431372549,
  "count_mse_true_mean": 17.54901960784314,
  "n_val_images": 51,
  "mAP50": 0.8141726129895788
}