{
  "trial_id": "1776324936149_w0_0010",
  "worker_id": 0,
  "gpu": 0,
  "timestamp": "2026-04-16 02:35:36",
  "duration_sec": 56.86,
  "status": "ok",
  "model": "yolo26n.pt",
  "imgsz": 640,
  "batch": 8,
  "optimizer": "SGD",
  "lr0": 0.01,
  "lrf": 0.05,
  "momentum": 0.9,
  "weight_decay": 0.0001,
  "warmup_epochs": 1.0,
  "cos_lr": false,
  "box": 2.0,
  "cls": 2.0,
  "dfl": 2.5,
  "hsv_h": 0.0,
  "hsv_s": 0.9,
  "hsv_v": 0.4,
  "degrees": 15.0,
  "translate": 0.0,
  "scale": 0.25,
  "fliplr": 0.5,
  "flipud": 0.1,
  "mosaic": 0.5,
  "mixup": 0.25,
  "copy_paste": 0.0,
  "erasing": 0.4,
  "close_mosaic": 10,
  "dropout": 0.0,
  "best_conf": 0.25,
  "count_mse": 26.19607843137255,
  "count_mae": 4.03921568627451,
  "count_mse_pred_mean": 15.431372549019608,
  "count_mse_true_mean": 17.54901960784314,
  "n_val_images": 51,
  "mAP50": 0.5526711315895892
}