{
  "trial_id": "1776324260642_w0_0003",
  "worker_id": 0,
  "gpu": 0,
  "timestamp": "2026-04-16 02:24:20",
  "duration_sec": 47.38,
  "status": "ok",
  "model": "yolo26n.pt",
  "imgsz": 800,
  "batch": 16,
  "optimizer": "SGD",
  "lr0": 0.0005,
  "lrf": 0.05,
  "momentum": 0.95,
  "weight_decay": 0.001,
  "warmup_epochs": 1.0,
  "cos_lr": true,
  "box": 7.5,
  "cls": 0.5,
  "dfl": 1.5,
  "hsv_h": 0.015,
  "hsv_s": 0.9,
  "hsv_v": 0.6,
  "degrees": 5.0,
  "translate": 0.2,
  "scale": 0.5,
  "fliplr": 0.0,
  "flipud": 0.1,
  "mosaic": 1.0,
  "mixup": 0.0,
  "copy_paste": 0.5,
  "erasing": 0.2,
  "close_mosaic": 0,
  "dropout": 0.1,
  "best_conf": 0.2,
  "count_mse": 52.470588235294116,
  "count_mae": 6.196078431372549,
  "count_mse_pred_mean": 16.058823529411764,
  "count_mse_true_mean": 17.54901960784314,
  "n_val_images": 51,
  "mAP50": 0.3680357745717392
}