{
  "trial_id": "1776369425307_w1_0012",
  "worker_id": 1,
  "gpu": 1,
  "timestamp": "2026-04-16 14:57:05",
  "duration_sec": 219.44,
  "status": "ok",
  "model": "yolo26s.pt",
  "imgsz": 1280,
  "batch": 16,
  "optimizer": "SGD",
  "lr0": 0.01,
  "lrf": 0.01,
  "momentum": 0.95,
  "weight_decay": 0.001,
  "warmup_epochs": 1.0,
  "cos_lr": true,
  "box": 2.0,
  "cls": 0.5,
  "dfl": 0.5,
  "hsv_h": 0.0,
  "hsv_s": 0.7,
  "hsv_v": 0.6,
  "degrees": 5.0,
  "translate": 0.1,
  "scale": 0.25,
  "fliplr": 0.0,
  "flipud": 0.0,
  "mosaic": 1.0,
  "mixup": 0.0,
  "copy_paste": 0.5,
  "erasing": 0.2,
  "close_mosaic": 5,
  "dropout": 0.0,
  "best_conf": 0.3,
  "count_mse": 3.1648351648351647,
  "count_mae": 1.3186813186813187,
  "count_mse_pred_mean": 16.054945054945055,
  "count_mse_true_mean": 15.901098901098901,
  "n_val_images": 91,
  "mAP50": 0.8928609492883546
}