{
  "trial_id": "1776320754924_w0_0008",
  "worker_id": 0,
  "gpu": 0,
  "timestamp": "2026-04-16 01:25:54",
  "duration_sec": 155.5,
  "status": "ok",
  "model": "yolo26s.pt",
  "imgsz": 1280,
  "batch": 16,
  "optimizer": "auto",
  "lr0": 0.0005,
  "lrf": 0.05,
  "momentum": 0.9,
  "weight_decay": 0.001,
  "warmup_epochs": 1.0,
  "cos_lr": false,
  "box": 2.0,
  "cls": 0.25,
  "dfl": 0.5,
  "hsv_h": 0.015,
  "hsv_s": 0.7,
  "hsv_v": 0.6,
  "degrees": 0.0,
  "translate": 0.0,
  "scale": 0.5,
  "fliplr": 0.0,
  "flipud": 0.1,
  "mosaic": 1.0,
  "mixup": 0.1,
  "copy_paste": 0.0,
  "erasing": 0.0,
  "close_mosaic": 5,
  "dropout": 0.1,
  "best_conf": 0.25,
  "count_mse": 7.0588235294117645,
  "count_mae": 1.9215686274509804,
  "count_mse_pred_mean": 17.15686274509804,
  "count_mse_true_mean": 17.54901960784314,
  "n_val_images": 51,
  "mAP50": 0.863069922059146
}