{
  "trial_id": "1776384144137_w0_0015",
  "worker_id": 0,
  "gpu": 0,
  "timestamp": "2026-04-16 19:02:24",
  "duration_sec": 588.0,
  "status": "ok",
  "model": "yolo26m.pt",
  "imgsz": 1280,
  "batch": 16,
  "optimizer": "auto",
  "lr0": 0.01,
  "lrf": 0.1,
  "momentum": 0.95,
  "weight_decay": 0.001,
  "warmup_epochs": 1.0,
  "cos_lr": true,
  "box": 10.0,
  "cls": 1.0,
  "dfl": 1.5,
  "hsv_h": 0.0,
  "hsv_s": 0.5,
  "hsv_v": 0.4,
  "degrees": 0.0,
  "translate": 0.0,
  "scale": 0.25,
  "fliplr": 0.0,
  "flipud": 0.1,
  "mosaic": 0.5,
  "mixup": 0.25,
  "copy_paste": 0.0,
  "erasing": 0.0,
  "close_mosaic": 5,
  "dropout": 0.2,
  "best_conf": 0.25,
  "count_mse": 2.792079207920792,
  "count_mae": 1.2673267326732673,
  "count_mse_pred_mean": 16.346534653465348,
  "count_mse_true_mean": 16.425742574257427,
  "n_val_images": 101,
  "mAP50": 0.908316894321168
}