{
  "trial_id": "1776375083365_w0_0000",
  "worker_id": 0,
  "gpu": 1,
  "timestamp": "2026-04-16 16:31:23",
  "duration_sec": 414.89,
  "status": "ok",
  "model": "yolo26s.pt",
  "imgsz": 1280,
  "batch": 16,
  "optimizer": "SGD",
  "lr0": 0.003,
  "lrf": 0.05,
  "momentum": 0.95,
  "weight_decay": 0.001,
  "warmup_epochs": 5.0,
  "cos_lr": true,
  "box": 7.5,
  "cls": 0.5,
  "dfl": 0.5,
  "hsv_h": 0.0,
  "hsv_s": 0.3,
  "hsv_v": 0.4,
  "degrees": 0.0,
  "translate": 0.0,
  "scale": 0.8,
  "fliplr": 0.0,
  "flipud": 0.1,
  "mosaic": 0.5,
  "mixup": 0.25,
  "copy_paste": 0.0,
  "erasing": 0.2,
  "close_mosaic": 5,
  "dropout": 0.3,
  "best_conf": 0.2,
  "count_mse": 4.445544554455446,
  "count_mae": 1.6336633663366336,
  "count_mse_pred_mean": 16.89108910891089,
  "count_mse_true_mean": 16.425742574257427,
  "n_val_images": 101,
  "mAP50": 0.8867639449097723
}