{
  "trial_id": "1776325885453_w0_0020",
  "worker_id": 0,
  "gpu": 0,
  "timestamp": "2026-04-16 02:51:25",
  "duration_sec": 250.38,
  "status": "ok",
  "model": "yolo26s.pt",
  "imgsz": 1280,
  "batch": 16,
  "optimizer": "auto",
  "lr0": 0.02,
  "lrf": 0.1,
  "momentum": 0.937,
  "weight_decay": 0.0005,
  "warmup_epochs": 3.0,
  "cos_lr": false,
  "box": 5.0,
  "cls": 1.0,
  "dfl": 1.5,
  "hsv_h": 0.0,
  "hsv_s": 0.3,
  "hsv_v": 0.2,
  "degrees": 5.0,
  "translate": 0.1,
  "scale": 0.5,
  "fliplr": 0.0,
  "flipud": 0.1,
  "mosaic": 1.0,
  "mixup": 0.1,
  "copy_paste": 0.5,
  "erasing": 0.0,
  "close_mosaic": 0,
  "dropout": 0.1,
  "best_conf": 0.2,
  "count_mse": 8.72549019607843,
  "count_mae": 2.176470588235294,
  "count_mse_pred_mean": 17.607843137254903,
  "count_mse_true_mean": 17.54901960784314,
  "n_val_images": 51,
  "mAP50": 0.8567516721085082
}