{
  "trial_id": "1776396596430_w0_0041",
  "worker_id": 0,
  "gpu": 0,
  "timestamp": "2026-04-16 22:29:56",
  "duration_sec": 585.92,
  "status": "ok",
  "model": "yolo26m.pt",
  "imgsz": 1280,
  "batch": 16,
  "optimizer": "auto",
  "lr0": 0.01,
  "lrf": 0.05,
  "momentum": 0.95,
  "weight_decay": 0.0,
  "warmup_epochs": 1.0,
  "cos_lr": true,
  "box": 7.5,
  "cls": 0.5,
  "dfl": 0.5,
  "hsv_h": 0.015,
  "hsv_s": 0.5,
  "hsv_v": 0.4,
  "degrees": 0.0,
  "translate": 0.0,
  "scale": 0.25,
  "fliplr": 0.0,
  "flipud": 0.1,
  "mosaic": 0.5,
  "mixup": 0.0,
  "copy_paste": 0.0,
  "erasing": 0.0,
  "close_mosaic": 5,
  "dropout": 0.0,
  "best_conf": 0.25,
  "count_mse": 3.118811881188119,
  "count_mae": 1.4158415841584158,
  "count_mse_pred_mean": 16.514851485148515,
  "count_mse_true_mean": 16.425742574257427,
  "n_val_images": 101,
  "mAP50": 0.9040090077310913
}