{
  "trial_id": "1776373325143_w1_0028",
  "worker_id": 1,
  "gpu": 1,
  "timestamp": "2026-04-16 16:02:05",
  "duration_sec": 1159.92,
  "status": "ok",
  "model": "yolo26s.pt",
  "imgsz": 960,
  "batch": 16,
  "optimizer": "auto",
  "lr0": 0.0001,
  "lrf": 0.05,
  "momentum": 0.85,
  "weight_decay": 0.001,
  "warmup_epochs": 3.0,
  "cos_lr": false,
  "box": 7.5,
  "cls": 1.0,
  "dfl": 2.5,
  "hsv_h": 0.015,
  "hsv_s": 0.5,
  "hsv_v": 0.4,
  "degrees": 0.0,
  "translate": 0.1,
  "scale": 0.25,
  "fliplr": 0.5,
  "flipud": 0.1,
  "mosaic": 0.5,
  "mixup": 0.0,
  "copy_paste": 0.5,
  "erasing": 0.2,
  "close_mosaic": 20,
  "dropout": 0.2,
  "best_conf": 0.3,
  "count_mse": 3.1648351648351647,
  "count_mae": 1.3406593406593406,
  "count_mse_pred_mean": 15.637362637362637,
  "count_mse_true_mean": 15.901098901098901,
  "n_val_images": 91,
  "mAP50": 0.902301638731917
}