{
  "trial_id": "1776325722402_w0_0017",
  "worker_id": 0,
  "gpu": 0,
  "timestamp": "2026-04-16 02:48:42",
  "duration_sec": 48.4,
  "status": "ok",
  "model": "yolo26n.pt",
  "imgsz": 800,
  "batch": 32,
  "optimizer": "SGD",
  "lr0": 0.0001,
  "lrf": 0.005,
  "momentum": 0.95,
  "weight_decay": 0.0001,
  "warmup_epochs": 1.0,
  "cos_lr": true,
  "box": 5.0,
  "cls": 0.25,
  "dfl": 2.5,
  "hsv_h": 0.015,
  "hsv_s": 0.7,
  "hsv_v": 0.6,
  "degrees": 15.0,
  "translate": 0.0,
  "scale": 0.25,
  "fliplr": 0.5,
  "flipud": 0.0,
  "mosaic": 0.0,
  "mixup": 0.25,
  "copy_paste": 0.0,
  "erasing": 0.2,
  "close_mosaic": 5,
  "dropout": 0.0,
  "best_conf": 0.05,
  "count_mse": 353.29411764705884,
  "count_mae": 17.529411764705884,
  "count_mse_pred_mean": 0.0196078431372549,
  "count_mse_true_mean": 17.54901960784314,
  "n_val_images": 51,
  "mAP50": 0.2505671513925253
}