{
  "trial_id": "1776368470111_w1_0009",
  "worker_id": 1,
  "gpu": 1,
  "timestamp": "2026-04-16 14:41:10",
  "duration_sec": 393.61,
  "status": "ok",
  "model": "yolo26m.pt",
  "imgsz": 1280,
  "batch": 8,
  "optimizer": "SGD",
  "lr0": 0.001,
  "lrf": 0.05,
  "momentum": 0.937,
  "weight_decay": 0.0001,
  "warmup_epochs": 1.0,
  "cos_lr": true,
  "box": 2.0,
  "cls": 1.0,
  "dfl": 0.5,
  "hsv_h": 0.015,
  "hsv_s": 0.9,
  "hsv_v": 0.4,
  "degrees": 0.0,
  "translate": 0.0,
  "scale": 0.25,
  "fliplr": 0.0,
  "flipud": 0.0,
  "mosaic": 0.0,
  "mixup": 0.0,
  "copy_paste": 0.0,
  "erasing": 0.4,
  "close_mosaic": 5,
  "dropout": 0.0,
  "best_conf": 0.25,
  "count_mse": 4.208791208791209,
  "count_mae": 1.5274725274725274,
  "count_mse_pred_mean": 16.0,
  "count_mse_true_mean": 15.901098901098901,
  "n_val_images": 91,
  "mAP50": 0.9121507034273609
}