{
  "trial_id": "1776369737354_w1_0014",
  "worker_id": 1,
  "gpu": 1,
  "timestamp": "2026-04-16 15:02:17",
  "duration_sec": 129.5,
  "status": "ok",
  "model": "yolo26s.pt",
  "imgsz": 960,
  "batch": 16,
  "optimizer": "auto",
  "lr0": 0.001,
  "lrf": 0.1,
  "momentum": 0.95,
  "weight_decay": 0.001,
  "warmup_epochs": 1.0,
  "cos_lr": true,
  "box": 7.5,
  "cls": 2.0,
  "dfl": 2.5,
  "hsv_h": 0.05,
  "hsv_s": 0.5,
  "hsv_v": 0.2,
  "degrees": 0.0,
  "translate": 0.1,
  "scale": 0.25,
  "fliplr": 0.0,
  "flipud": 0.1,
  "mosaic": 1.0,
  "mixup": 0.25,
  "copy_paste": 0.0,
  "erasing": 0.4,
  "close_mosaic": 20,
  "dropout": 0.2,
  "best_conf": 0.3,
  "count_mse": 4.010989010989011,
  "count_mae": 1.4835164835164836,
  "count_mse_pred_mean": 15.384615384615385,
  "count_mse_true_mean": 15.901098901098901,
  "n_val_images": 91,
  "mAP50": 0.8930083452427946
}