{
  "trial_id": "1776370202965_w1_0017",
  "worker_id": 1,
  "gpu": 1,
  "timestamp": "2026-04-16 15:10:02",
  "duration_sec": 234.43,
  "status": "ok",
  "model": "yolo26m.pt",
  "imgsz": 960,
  "batch": 16,
  "optimizer": "SGD",
  "lr0": 0.01,
  "lrf": 0.05,
  "momentum": 0.85,
  "weight_decay": 0.001,
  "warmup_epochs": 3.0,
  "cos_lr": true,
  "box": 7.5,
  "cls": 1.0,
  "dfl": 0.5,
  "hsv_h": 0.05,
  "hsv_s": 0.3,
  "hsv_v": 0.2,
  "degrees": 0.0,
  "translate": 0.0,
  "scale": 0.8,
  "fliplr": 0.0,
  "flipud": 0.1,
  "mosaic": 0.5,
  "mixup": 0.25,
  "copy_paste": 0.0,
  "erasing": 0.0,
  "close_mosaic": 5,
  "dropout": 0.2,
  "best_conf": 0.3,
  "count_mse": 3.7252747252747254,
  "count_mae": 1.4615384615384615,
  "count_mse_pred_mean": 15.648351648351648,
  "count_mse_true_mean": 15.901098901098901,
  "n_val_images": 91,
  "mAP50": 0.9042890727530979
}