{
  "trial_id": "1776320313359_w0_0002",
  "worker_id": 0,
  "gpu": 0,
  "timestamp": "2026-04-16 01:18:33",
  "duration_sec": 60.93,
  "status": "ok",
  "model": "yolo26n.pt",
  "imgsz": 800,
  "batch": 32,
  "optimizer": "AdamW",
  "lr0": 0.0005,
  "lrf": 0.01,
  "momentum": 0.85,
  "weight_decay": 0.0,
  "warmup_epochs": 5.0,
  "cos_lr": true,
  "box": 2.0,
  "cls": 0.5,
  "dfl": 0.5,
  "hsv_h": 0.015,
  "hsv_s": 0.7,
  "hsv_v": 0.4,
  "degrees": 0.0,
  "translate": 0.1,
  "scale": 0.25,
  "fliplr": 0.0,
  "flipud": 0.0,
  "mosaic": 0.0,
  "mixup": 0.0,
  "copy_paste": 0.5,
  "erasing": 0.0,
  "close_mosaic": 5,
  "dropout": 0.0,
  "best_conf": 0.1,
  "count_mse": 21.41176470588235,
  "count_mae": 3.8823529411764706,
  "count_mse_pred_mean": 18.84313725490196,
  "count_mse_true_mean": 17.54901960784314,
  "n_val_images": 51,
  "mAP50": 0.5434791842227652
}