{
  "trial_id": "1776359925280_w1_0003",
  "worker_id": 1,
  "gpu": 1,
  "timestamp": "2026-04-16 12:18:45",
  "duration_sec": 161.1,
  "status": "ok",
  "model": "yolo26n.pt",
  "imgsz": 1280,
  "batch": 8,
  "optimizer": "AdamW",
  "lr0": 0.01,
  "lrf": 0.005,
  "momentum": 0.85,
  "weight_decay": 0.0001,
  "warmup_epochs": 3.0,
  "cos_lr": true,
  "box": 10.0,
  "cls": 2.0,
  "dfl": 2.5,
  "hsv_h": 0.0,
  "hsv_s": 0.9,
  "hsv_v": 0.4,
  "degrees": 5.0,
  "translate": 0.2,
  "scale": 0.8,
  "fliplr": 0.5,
  "flipud": 0.0,
  "mosaic": 0.0,
  "mixup": 0.1,
  "copy_paste": 0.2,
  "erasing": 0.2,
  "close_mosaic": 10,
  "dropout": 0.2,
  "best_conf": 0.25,
  "count_mse": 8.835164835164836,
  "count_mae": 2.3516483516483517,
  "count_mse_pred_mean": 14.802197802197803,
  "count_mse_true_mean": 15.901098901098901,
  "n_val_images": 91,
  "mAP50": 0.8318318617641114
}