{
  "trial_id": "1776412489615_w0_0076",
  "worker_id": 0,
  "gpu": 0,
  "timestamp": "2026-04-17 02:54:49",
  "duration_sec": 306.9,
  "status": "ok",
  "model": "yolo26s.pt",
  "imgsz": 1280,
  "batch": 16,
  "optimizer": "auto",
  "lr0": 0.01,
  "lrf": 0.05,
  "momentum": 0.95,
  "weight_decay": 0.0,
  "warmup_epochs": 1.0,
  "cos_lr": true,
  "box": 10.0,
  "cls": 1.0,
  "dfl": 0.5,
  "hsv_h": 0.0,
  "hsv_s": 0.3,
  "hsv_v": 0.4,
  "degrees": 0.0,
  "translate": 0.1,
  "scale": 0.25,
  "fliplr": 0.0,
  "flipud": 0.1,
  "mosaic": 0.5,
  "mixup": 0.0,
  "copy_paste": 0.0,
  "erasing": 0.0,
  "close_mosaic": 5,
  "dropout": 0.2,
  "best_conf": 0.25,
  "count_mse": 3.3564356435643563,
  "count_mae": 1.4356435643564356,
  "count_mse_pred_mean": 16.455445544554454,
  "count_mse_true_mean": 16.425742574257427,
  "n_val_images": 101,
  "mAP50": 0.8989568087201681
}