{
  "trial_id": "1776320525930_w0_0005",
  "worker_id": 0,
  "gpu": 0,
  "timestamp": "2026-04-16 01:22:05",
  "duration_sec": 75.32,
  "status": "ok",
  "model": "yolo26s.pt",
  "imgsz": 800,
  "batch": 32,
  "optimizer": "AdamW",
  "lr0": 0.0001,
  "lrf": 0.01,
  "momentum": 0.95,
  "weight_decay": 0.001,
  "warmup_epochs": 5.0,
  "cos_lr": false,
  "box": 10.0,
  "cls": 2.0,
  "dfl": 0.5,
  "hsv_h": 0.015,
  "hsv_s": 0.7,
  "hsv_v": 0.4,
  "degrees": 15.0,
  "translate": 0.1,
  "scale": 0.5,
  "fliplr": 0.0,
  "flipud": 0.0,
  "mosaic": 0.5,
  "mixup": 0.1,
  "copy_paste": 0.0,
  "erasing": 0.0,
  "close_mosaic": 20,
  "dropout": 0.2,
  "best_conf": 0.3,
  "count_mse": 12.627450980392156,
  "count_mae": 2.7450980392156863,
  "count_mse_pred_mean": 17.0,
  "count_mse_true_mean": 17.54901960784314,
  "n_val_images": 51,
  "mAP50": 0.7771978492091873
}