{
  "trial_id": "1776320186751_w1_0002",
  "worker_id": 1,
  "gpu": 1,
  "timestamp": "2026-04-16 01:16:26",
  "duration_sec": 83.36,
  "status": "ok",
  "model": "yolo26m.pt",
  "imgsz": 640,
  "batch": 16,
  "optimizer": "SGD",
  "lr0": 0.003,
  "lrf": 0.05,
  "momentum": 0.937,
  "weight_decay": 0.0,
  "warmup_epochs": 1.0,
  "cos_lr": true,
  "box": 10.0,
  "cls": 0.25,
  "dfl": 2.5,
  "hsv_h": 0.0,
  "hsv_s": 0.3,
  "hsv_v": 0.6,
  "degrees": 5.0,
  "translate": 0.2,
  "scale": 0.25,
  "fliplr": 0.0,
  "flipud": 0.1,
  "mosaic": 1.0,
  "mixup": 0.1,
  "copy_paste": 0.5,
  "erasing": 0.4,
  "close_mosaic": 20,
  "dropout": 0.1,
  "best_conf": 0.2,
  "count_mse": 15.117647058823529,
  "count_mae": 3.0784313725490198,
  "count_mse_pred_mean": 18.392156862745097,
  "count_mse_true_mean": 17.54901960784314,
  "n_val_images": 51,
  "mAP50": 0.7810174599771746
}