{
  "trial_id": "1776369993467_w1_0016",
  "worker_id": 1,
  "gpu": 1,
  "timestamp": "2026-04-16 15:06:33",
  "duration_sec": 208.98,
  "status": "ok",
  "model": "yolo26s.pt",
  "imgsz": 1280,
  "batch": 16,
  "optimizer": "SGD",
  "lr0": 0.0005,
  "lrf": 0.005,
  "momentum": 0.95,
  "weight_decay": 0.0005,
  "warmup_epochs": 3.0,
  "cos_lr": false,
  "box": 10.0,
  "cls": 0.5,
  "dfl": 2.5,
  "hsv_h": 0.05,
  "hsv_s": 0.5,
  "hsv_v": 0.4,
  "degrees": 5.0,
  "translate": 0.2,
  "scale": 0.25,
  "fliplr": 0.0,
  "flipud": 0.0,
  "mosaic": 0.5,
  "mixup": 0.1,
  "copy_paste": 0.5,
  "erasing": 0.2,
  "close_mosaic": 0,
  "dropout": 0.2,
  "best_conf": 0.25,
  "count_mse": 4.637362637362638,
  "count_mae": 1.6923076923076923,
  "count_mse_pred_mean": 15.87912087912088,
  "count_mse_true_mean": 15.901098901098901,
  "n_val_images": 91,
  "mAP50": 0.882677125074735
}