{
  "trial_id": "1776367111895_w1_0002",
  "worker_id": 1,
  "gpu": 1,
  "timestamp": "2026-04-16 14:18:31",
  "duration_sec": 134.74,
  "status": "ok",
  "model": "yolo26s.pt",
  "imgsz": 960,
  "batch": 16,
  "optimizer": "auto",
  "lr0": 0.01,
  "lrf": 0.05,
  "momentum": 0.937,
  "weight_decay": 0.001,
  "warmup_epochs": 3.0,
  "cos_lr": true,
  "box": 2.0,
  "cls": 0.5,
  "dfl": 1.5,
  "hsv_h": 0.05,
  "hsv_s": 0.3,
  "hsv_v": 0.4,
  "degrees": 5.0,
  "translate": 0.0,
  "scale": 0.8,
  "fliplr": 0.5,
  "flipud": 0.0,
  "mosaic": 0.5,
  "mixup": 0.25,
  "copy_paste": 0.2,
  "erasing": 0.2,
  "close_mosaic": 10,
  "dropout": 0.1,
  "best_conf": 0.25,
  "count_mse": 3.956043956043956,
  "count_mae": 1.4945054945054945,
  "count_mse_pred_mean": 15.857142857142858,
  "count_mse_true_mean": 15.901098901098901,
  "n_val_images": 91,
  "mAP50": 0.8862023959483225
}