{
  "trial_id": "1776375499175_w0_0001",
  "worker_id": 0,
  "gpu": 1,
  "timestamp": "2026-04-16 16:38:19",
  "duration_sec": 312.47,
  "status": "ok",
  "model": "yolo26s.pt",
  "imgsz": 1280,
  "batch": 16,
  "optimizer": "SGD",
  "lr0": 0.003,
  "lrf": 0.05,
  "momentum": 0.937,
  "weight_decay": 0.0,
  "warmup_epochs": 1.0,
  "cos_lr": true,
  "box": 10.0,
  "cls": 0.25,
  "dfl": 1.5,
  "hsv_h": 0.0,
  "hsv_s": 0.3,
  "hsv_v": 0.4,
  "degrees": 5.0,
  "translate": 0.0,
  "scale": 0.8,
  "fliplr": 0.0,
  "flipud": 0.1,
  "mosaic": 0.5,
  "mixup": 0.25,
  "copy_paste": 0.0,
  "erasing": 0.0,
  "close_mosaic": 5,
  "dropout": 0.3,
  "best_conf": 0.25,
  "count_mse": 4.237623762376238,
  "count_mae": 1.603960396039604,
  "count_mse_pred_mean": 16.326732673267326,
  "count_mse_true_mean": 16.425742574257427,
  "n_val_images": 101,
  "mAP50": 0.8771642506443601
}