{
  "trial_id": "1776324634272_w0_0006",
  "worker_id": 0,
  "gpu": 0,
  "timestamp": "2026-04-16 02:30:34",
  "duration_sec": 102.25,
  "status": "ok",
  "model": "yolo26s.pt",
  "imgsz": 960,
  "batch": 8,
  "optimizer": "AdamW",
  "lr0": 0.01,
  "lrf": 0.05,
  "momentum": 0.9,
  "weight_decay": 0.0005,
  "warmup_epochs": 5.0,
  "cos_lr": false,
  "box": 7.5,
  "cls": 1.0,
  "dfl": 1.5,
  "hsv_h": 0.05,
  "hsv_s": 0.3,
  "hsv_v": 0.2,
  "degrees": 0.0,
  "translate": 0.1,
  "scale": 0.8,
  "fliplr": 0.0,
  "flipud": 0.0,
  "mosaic": 0.5,
  "mixup": 0.1,
  "copy_paste": 0.5,
  "erasing": 0.0,
  "close_mosaic": 5,
  "dropout": 0.2,
  "best_conf": 0.25,
  "count_mse": 14.098039215686274,
  "count_mae": 2.9215686274509802,
  "count_mse_pred_mean": 16.823529411764707,
  "count_mse_true_mean": 17.54901960784314,
  "n_val_images": 51,
  "mAP50": 0.7746847122960246
}