{
  "trial_id": "1776365962746_w1_0000",
  "worker_id": 1,
  "gpu": 1,
  "timestamp": "2026-04-16 13:59:22",
  "duration_sec": 263.89,
  "status": "ok",
  "model": "yolo26s.pt",
  "imgsz": 1280,
  "batch": 16,
  "optimizer": "auto",
  "lr0": 0.0001,
  "lrf": 0.01,
  "momentum": 0.95,
  "weight_decay": 0.0005,
  "warmup_epochs": 5.0,
  "cos_lr": false,
  "box": 7.5,
  "cls": 0.25,
  "dfl": 0.5,
  "hsv_h": 0.05,
  "hsv_s": 0.5,
  "hsv_v": 0.6,
  "degrees": 5.0,
  "translate": 0.0,
  "scale": 0.5,
  "fliplr": 0.0,
  "flipud": 0.1,
  "mosaic": 0.5,
  "mixup": 0.0,
  "copy_paste": 0.2,
  "erasing": 0.0,
  "close_mosaic": 5,
  "dropout": 0.1,
  "best_conf": 0.35,
  "count_mse": 3.681318681318681,
  "count_mae": 1.4175824175824177,
  "count_mse_pred_mean": 15.934065934065934,
  "count_mse_true_mean": 15.901098901098901,
  "n_val_images": 91,
  "mAP50": 0.9048033072465338
}