{
  "trial_id": "1776325387488_w0_0014",
  "worker_id": 0,
  "gpu": 0,
  "timestamp": "2026-04-16 02:43:07",
  "duration_sec": 90.42,
  "status": "ok",
  "model": "yolo26n.pt",
  "imgsz": 1280,
  "batch": 16,
  "optimizer": "SGD",
  "lr0": 0.0005,
  "lrf": 0.1,
  "momentum": 0.85,
  "weight_decay": 0.0,
  "warmup_epochs": 3.0,
  "cos_lr": true,
  "box": 5.0,
  "cls": 2.0,
  "dfl": 2.5,
  "hsv_h": 0.0,
  "hsv_s": 0.7,
  "hsv_v": 0.4,
  "degrees": 0.0,
  "translate": 0.1,
  "scale": 0.5,
  "fliplr": 0.5,
  "flipud": 0.0,
  "mosaic": 0.0,
  "mixup": 0.1,
  "copy_paste": 0.5,
  "erasing": 0.0,
  "close_mosaic": 0,
  "dropout": 0.2,
  "best_conf": 0.15,
  "count_mse": 35.333333333333336,
  "count_mae": 4.9411764705882355,
  "count_mse_pred_mean": 19.470588235294116,
  "count_mse_true_mean": 17.54901960784314,
  "n_val_images": 51,
  "mAP50": 0.45612463574935946
}