{
  "trial_id": "1776320663866_w0_0007",
  "worker_id": 0,
  "gpu": 0,
  "timestamp": "2026-04-16 01:24:23",
  "duration_sec": 91.05,
  "status": "ok",
  "model": "yolo26s.pt",
  "imgsz": 960,
  "batch": 16,
  "optimizer": "AdamW",
  "lr0": 0.0001,
  "lrf": 0.01,
  "momentum": 0.937,
  "weight_decay": 0.0001,
  "warmup_epochs": 3.0,
  "cos_lr": true,
  "box": 10.0,
  "cls": 2.0,
  "dfl": 2.5,
  "hsv_h": 0.05,
  "hsv_s": 0.7,
  "hsv_v": 0.2,
  "degrees": 15.0,
  "translate": 0.2,
  "scale": 0.25,
  "fliplr": 0.5,
  "flipud": 0.1,
  "mosaic": 0.5,
  "mixup": 0.1,
  "copy_paste": 0.2,
  "erasing": 0.2,
  "close_mosaic": 20,
  "dropout": 0.0,
  "best_conf": 0.25,
  "count_mse": 9.941176470588236,
  "count_mae": 2.2941176470588234,
  "count_mse_pred_mean": 16.980392156862745,
  "count_mse_true_mean": 17.54901960784314,
  "n_val_images": 51,
  "mAP50": 0.8099412011190945
}