{
  "trial_id": "1776324149413_w0_0001",
  "worker_id": 0,
  "gpu": 0,
  "timestamp": "2026-04-16 02:22:29",
  "duration_sec": 62.08,
  "status": "ok",
  "model": "yolo26n.pt",
  "imgsz": 800,
  "batch": 16,
  "optimizer": "SGD",
  "lr0": 0.0005,
  "lrf": 0.005,
  "momentum": 0.95,
  "weight_decay": 0.0005,
  "warmup_epochs": 3.0,
  "cos_lr": false,
  "box": 2.0,
  "cls": 0.25,
  "dfl": 2.5,
  "hsv_h": 0.015,
  "hsv_s": 0.9,
  "hsv_v": 0.4,
  "degrees": 15.0,
  "translate": 0.0,
  "scale": 0.25,
  "fliplr": 0.5,
  "flipud": 0.0,
  "mosaic": 0.5,
  "mixup": 0.0,
  "copy_paste": 0.0,
  "erasing": 0.2,
  "close_mosaic": 20,
  "dropout": 0.2,
  "best_conf": 0.2,
  "count_mse": 49.8235294117647,
  "count_mae": 5.705882352941177,
  "count_mse_pred_mean": 14.901960784313726,
  "count_mse_true_mean": 17.54901960784314,
  "n_val_images": 51,
  "mAP50": 0.3781499339313304
}