{
  "trial_id": "1776366883818_w0_0001",
  "worker_id": 0,
  "gpu": 0,
  "timestamp": "2026-04-16 14:14:43",
  "duration_sec": 446.62,
  "status": "ok",
  "model": "yolo26m.pt",
  "imgsz": 1280,
  "batch": 16,
  "optimizer": "SGD",
  "lr0": 0.003,
  "lrf": 0.05,
  "momentum": 0.937,
  "weight_decay": 0.001,
  "warmup_epochs": 5.0,
  "cos_lr": true,
  "box": 10.0,
  "cls": 2.0,
  "dfl": 2.5,
  "hsv_h": 0.015,
  "hsv_s": 0.3,
  "hsv_v": 0.6,
  "degrees": 15.0,
  "translate": 0.1,
  "scale": 0.5,
  "fliplr": 0.0,
  "flipud": 0.1,
  "mosaic": 0.5,
  "mixup": 0.25,
  "copy_paste": 0.0,
  "erasing": 0.0,
  "close_mosaic": 10,
  "dropout": 0.0,
  "best_conf": 0.25,
  "count_mse": 3.912087912087912,
  "count_mae": 1.5604395604395604,
  "count_mse_pred_mean": 16.186813186813186,
  "count_mse_true_mean": 15.901098901098901,
  "n_val_images": 91,
  "mAP50": 0.9117774046713721
}