{
  "trial_id": "1776367582142_w1_0005",
  "worker_id": 1,
  "gpu": 1,
  "timestamp": "2026-04-16 14:26:22",
  "duration_sec": 240.16,
  "status": "ok",
  "model": "yolo26m.pt",
  "imgsz": 960,
  "batch": 8,
  "optimizer": "auto",
  "lr0": 0.0001,
  "lrf": 0.05,
  "momentum": 0.9,
  "weight_decay": 0.0,
  "warmup_epochs": 5.0,
  "cos_lr": false,
  "box": 5.0,
  "cls": 0.25,
  "dfl": 2.5,
  "hsv_h": 0.0,
  "hsv_s": 0.9,
  "hsv_v": 0.4,
  "degrees": 15.0,
  "translate": 0.1,
  "scale": 0.25,
  "fliplr": 0.0,
  "flipud": 0.1,
  "mosaic": 0.0,
  "mixup": 0.1,
  "copy_paste": 0.0,
  "erasing": 0.2,
  "close_mosaic": 10,
  "dropout": 0.0,
  "best_conf": 0.3,
  "count_mse": 3.4615384615384617,
  "count_mae": 1.4395604395604396,
  "count_mse_pred_mean": 15.626373626373626,
  "count_mse_true_mean": 15.901098901098901,
  "n_val_images": 91,
  "mAP50": 0.8960794782889209
}