{
  "trial_id": "1776320374292_w0_0003",
  "worker_id": 0,
  "gpu": 0,
  "timestamp": "2026-04-16 01:19:34",
  "duration_sec": 78.79,
  "status": "ok",
  "model": "yolo26n.pt",
  "imgsz": 960,
  "batch": 16,
  "optimizer": "AdamW",
  "lr0": 0.001,
  "lrf": 0.01,
  "momentum": 0.9,
  "weight_decay": 0.0001,
  "warmup_epochs": 5.0,
  "cos_lr": true,
  "box": 2.0,
  "cls": 0.25,
  "dfl": 1.5,
  "hsv_h": 0.05,
  "hsv_s": 0.7,
  "hsv_v": 0.6,
  "degrees": 15.0,
  "translate": 0.1,
  "scale": 0.25,
  "fliplr": 0.0,
  "flipud": 0.0,
  "mosaic": 1.0,
  "mixup": 0.0,
  "copy_paste": 0.2,
  "erasing": 0.0,
  "close_mosaic": 5,
  "dropout": 0.2,
  "best_conf": 0.2,
  "count_mse": 23.58823529411765,
  "count_mae": 3.5098039215686274,
  "count_mse_pred_mean": 15.607843137254902,
  "count_mse_true_mean": 17.54901960784314,
  "n_val_images": 51,
  "mAP50": 0.6546845253228114
}