{
  "trial_id": "1776375459831_w0_0001",
  "worker_id": 0,
  "gpu": 0,
  "timestamp": "2026-04-16 16:37:39",
  "duration_sec": 341.87,
  "status": "ok",
  "model": "yolo26s.pt",
  "imgsz": 1280,
  "batch": 16,
  "optimizer": "auto",
  "lr0": 0.001,
  "lrf": 0.01,
  "momentum": 0.95,
  "weight_decay": 0.001,
  "warmup_epochs": 1.0,
  "cos_lr": true,
  "box": 10.0,
  "cls": 0.25,
  "dfl": 0.5,
  "hsv_h": 0.0,
  "hsv_s": 0.5,
  "hsv_v": 0.4,
  "degrees": 0.0,
  "translate": 0.1,
  "scale": 0.8,
  "fliplr": 0.0,
  "flipud": 0.1,
  "mosaic": 0.5,
  "mixup": 0.25,
  "copy_paste": 0.0,
  "erasing": 0.2,
  "close_mosaic": 10,
  "dropout": 0.0,
  "best_conf": 0.25,
  "count_mse": 4.673267326732673,
  "count_mae": 1.6633663366336633,
  "count_mse_pred_mean": 16.603960396039604,
  "count_mse_true_mean": 16.425742574257427,
  "n_val_images": 101,
  "mAP50": 0.8884941124140449
}