{
  "trial_id": "1776324098054_w0_0000",
  "worker_id": 0,
  "gpu": 0,
  "timestamp": "2026-04-16 02:21:38",
  "duration_sec": 51.36,
  "status": "ok",
  "model": "yolo26n.pt",
  "imgsz": 640,
  "batch": 32,
  "optimizer": "SGD",
  "lr0": 0.02,
  "lrf": 0.05,
  "momentum": 0.937,
  "weight_decay": 0.001,
  "warmup_epochs": 5.0,
  "cos_lr": true,
  "box": 7.5,
  "cls": 2.0,
  "dfl": 2.5,
  "hsv_h": 0.0,
  "hsv_s": 0.3,
  "hsv_v": 0.6,
  "degrees": 15.0,
  "translate": 0.0,
  "scale": 0.25,
  "fliplr": 0.5,
  "flipud": 0.0,
  "mosaic": 0.5,
  "mixup": 0.1,
  "copy_paste": 0.0,
  "erasing": 0.0,
  "close_mosaic": 0,
  "dropout": 0.2,
  "best_conf": 0.1,
  "count_mse": 20.215686274509803,
  "count_mae": 3.588235294117647,
  "count_mse_pred_mean": 17.88235294117647,
  "count_mse_true_mean": 17.54901960784314,
  "n_val_images": 51,
  "mAP50": 0.5878972249158891
}