{
  "trial_id": "1776370934834_w1_0019",
  "worker_id": 1,
  "gpu": 1,
  "timestamp": "2026-04-16 15:22:14",
  "duration_sec": 136.63,
  "status": "ok",
  "model": "yolo26s.pt",
  "imgsz": 960,
  "batch": 16,
  "optimizer": "auto",
  "lr0": 0.0001,
  "lrf": 0.005,
  "momentum": 0.937,
  "weight_decay": 0.0001,
  "warmup_epochs": 1.0,
  "cos_lr": false,
  "box": 10.0,
  "cls": 0.5,
  "dfl": 1.5,
  "hsv_h": 0.0,
  "hsv_s": 0.3,
  "hsv_v": 0.4,
  "degrees": 5.0,
  "translate": 0.2,
  "scale": 0.8,
  "fliplr": 0.5,
  "flipud": 0.1,
  "mosaic": 1.0,
  "mixup": 0.25,
  "copy_paste": 0.5,
  "erasing": 0.0,
  "close_mosaic": 0,
  "dropout": 0.2,
  "best_conf": 0.25,
  "count_mse": 4.384615384615385,
  "count_mae": 1.5714285714285714,
  "count_mse_pred_mean": 15.45054945054945,
  "count_mse_true_mean": 15.901098901098901,
  "n_val_images": 91,
  "mAP50": 0.8856813395115773
}