{
  "trial_id": "1776359765432_w1_0002",
  "worker_id": 1,
  "gpu": 1,
  "timestamp": "2026-04-16 12:16:05",
  "duration_sec": 159.85,
  "status": "ok",
  "model": "yolo26n.pt",
  "imgsz": 1280,
  "batch": 8,
  "optimizer": "SGD",
  "lr0": 0.003,
  "lrf": 0.05,
  "momentum": 0.95,
  "weight_decay": 0.0,
  "warmup_epochs": 1.0,
  "cos_lr": true,
  "box": 7.5,
  "cls": 0.25,
  "dfl": 0.5,
  "hsv_h": 0.05,
  "hsv_s": 0.7,
  "hsv_v": 0.2,
  "degrees": 0.0,
  "translate": 0.1,
  "scale": 0.8,
  "fliplr": 0.0,
  "flipud": 0.1,
  "mosaic": 0.0,
  "mixup": 0.1,
  "copy_paste": 0.5,
  "erasing": 0.4,
  "close_mosaic": 5,
  "dropout": 0.0,
  "best_conf": 0.2,
  "count_mse": 20.53846153846154,
  "count_mae": 3.3956043956043955,
  "count_mse_pred_mean": 16.10989010989011,
  "count_mse_true_mean": 15.901098901098901,
  "n_val_images": 91,
  "mAP50": 0.6496617302651111
}