{
  "trial_id": "1776325821435_w0_0019",
  "worker_id": 0,
  "gpu": 0,
  "timestamp": "2026-04-16 02:50:21",
  "duration_sec": 64.01,
  "status": "ok",
  "model": "yolo26n.pt",
  "imgsz": 800,
  "batch": 8,
  "optimizer": "SGD",
  "lr0": 0.02,
  "lrf": 0.005,
  "momentum": 0.937,
  "weight_decay": 0.0,
  "warmup_epochs": 5.0,
  "cos_lr": true,
  "box": 7.5,
  "cls": 0.25,
  "dfl": 0.5,
  "hsv_h": 0.0,
  "hsv_s": 0.7,
  "hsv_v": 0.6,
  "degrees": 15.0,
  "translate": 0.0,
  "scale": 0.8,
  "fliplr": 0.0,
  "flipud": 0.0,
  "mosaic": 1.0,
  "mixup": 0.1,
  "copy_paste": 0.2,
  "erasing": 0.2,
  "close_mosaic": 10,
  "dropout": 0.1,
  "best_conf": 0.25,
  "count_mse": 28.647058823529413,
  "count_mae": 4.098039215686274,
  "count_mse_pred_mean": 14.901960784313726,
  "count_mse_true_mean": 17.54901960784314,
  "n_val_images": 51,
  "mAP50": 0.5344468786544733
}