{
  "trial_id": "1776320351016_w1_0004",
  "worker_id": 1,
  "gpu": 1,
  "timestamp": "2026-04-16 01:19:11",
  "duration_sec": 154.59,
  "status": "ok",
  "model": "yolo26s.pt",
  "imgsz": 1280,
  "batch": 8,
  "optimizer": "SGD",
  "lr0": 0.0005,
  "lrf": 0.005,
  "momentum": 0.937,
  "weight_decay": 0.0001,
  "warmup_epochs": 1.0,
  "cos_lr": false,
  "box": 2.0,
  "cls": 2.0,
  "dfl": 2.5,
  "hsv_h": 0.015,
  "hsv_s": 0.7,
  "hsv_v": 0.6,
  "degrees": 5.0,
  "translate": 0.2,
  "scale": 0.25,
  "fliplr": 0.5,
  "flipud": 0.1,
  "mosaic": 0.0,
  "mixup": 0.1,
  "copy_paste": 0.2,
  "erasing": 0.0,
  "close_mosaic": 10,
  "dropout": 0.2,
  "best_conf": 0.2,
  "count_mse": 7.352941176470588,
  "count_mae": 1.9803921568627452,
  "count_mse_pred_mean": 17.215686274509803,
  "count_mse_true_mean": 17.54901960784314,
  "n_val_images": 51,
  "mAP50": 0.8400177590017834
}