{
  "trial_id": "1776359438781_w0_0000",
  "worker_id": 0,
  "gpu": 0,
  "timestamp": "2026-04-16 12:10:38",
  "duration_sec": 265.1,
  "status": "ok",
  "model": "yolo26m.pt",
  "imgsz": 960,
  "batch": 8,
  "optimizer": "AdamW",
  "lr0": 0.003,
  "lrf": 0.1,
  "momentum": 0.9,
  "weight_decay": 0.0005,
  "warmup_epochs": 5.0,
  "cos_lr": true,
  "box": 5.0,
  "cls": 2.0,
  "dfl": 2.5,
  "hsv_h": 0.015,
  "hsv_s": 0.7,
  "hsv_v": 0.4,
  "degrees": 15.0,
  "translate": 0.0,
  "scale": 0.25,
  "fliplr": 0.0,
  "flipud": 0.0,
  "mosaic": 0.0,
  "mixup": 0.1,
  "copy_paste": 0.2,
  "erasing": 0.2,
  "close_mosaic": 20,
  "dropout": 0.0,
  "best_conf": 0.3,
  "count_mse": 3.3626373626373627,
  "count_mae": 1.3626373626373627,
  "count_mse_pred_mean": 15.483516483516484,
  "count_mse_true_mean": 15.901098901098901,
  "n_val_images": 91,
  "mAP50": 0.8947820762865294
}