{
  "trial_id": "1776325053763_w0_0012",
  "worker_id": 0,
  "gpu": 0,
  "timestamp": "2026-04-16 02:37:33",
  "duration_sec": 89.13,
  "status": "ok",
  "model": "yolo26s.pt",
  "imgsz": 960,
  "batch": 8,
  "optimizer": "auto",
  "lr0": 0.02,
  "lrf": 0.005,
  "momentum": 0.85,
  "weight_decay": 0.0,
  "warmup_epochs": 5.0,
  "cos_lr": false,
  "box": 2.0,
  "cls": 1.0,
  "dfl": 1.5,
  "hsv_h": 0.015,
  "hsv_s": 0.9,
  "hsv_v": 0.2,
  "degrees": 5.0,
  "translate": 0.1,
  "scale": 0.25,
  "fliplr": 0.5,
  "flipud": 0.1,
  "mosaic": 0.0,
  "mixup": 0.1,
  "copy_paste": 0.0,
  "erasing": 0.0,
  "close_mosaic": 5,
  "dropout": 0.2,
  "best_conf": 0.25,
  "count_mse": 8.686274509803921,
  "count_mae": 2.0588235294117645,
  "count_mse_pred_mean": 17.92156862745098,
  "count_mse_true_mean": 17.54901960784314,
  "n_val_images": 51,
  "mAP50": 0.848332907880646
}