{
  "trial_id": "1776424147139_w0_0103",
  "worker_id": 0,
  "gpu": 0,
  "timestamp": "2026-04-17 06:09:07",
  "duration_sec": 581.99,
  "status": "ok",
  "model": "yolo26m.pt",
  "imgsz": 1280,
  "batch": 16,
  "optimizer": "SGD",
  "lr0": 0.003,
  "lrf": 0.05,
  "momentum": 0.95,
  "weight_decay": 0.001,
  "warmup_epochs": 1.0,
  "cos_lr": true,
  "box": 5.0,
  "cls": 1.0,
  "dfl": 1.5,
  "hsv_h": 0.015,
  "hsv_s": 0.3,
  "hsv_v": 0.4,
  "degrees": 5.0,
  "translate": 0.0,
  "scale": 0.25,
  "fliplr": 0.0,
  "flipud": 0.1,
  "mosaic": 0.5,
  "mixup": 0.25,
  "copy_paste": 0.0,
  "erasing": 0.0,
  "close_mosaic": 10,
  "dropout": 0.2,
  "best_conf": 0.25,
  "count_mse": 3.485148514851485,
  "count_mae": 1.4851485148514851,
  "count_mse_pred_mean": 16.544554455445546,
  "count_mse_true_mean": 16.425742574257427,
  "n_val_images": 101,
  "mAP50": 0.9058654571817939
}