{
  "trial_id": "1776368864217_w1_0010",
  "worker_id": 1,
  "gpu": 1,
  "timestamp": "2026-04-16 14:47:44",
  "duration_sec": 167.37,
  "status": "ok",
  "model": "yolo26s.pt",
  "imgsz": 960,
  "batch": 16,
  "optimizer": "SGD",
  "lr0": 0.01,
  "lrf": 0.005,
  "momentum": 0.937,
  "weight_decay": 0.0001,
  "warmup_epochs": 5.0,
  "cos_lr": false,
  "box": 7.5,
  "cls": 1.0,
  "dfl": 2.5,
  "hsv_h": 0.0,
  "hsv_s": 0.3,
  "hsv_v": 0.6,
  "degrees": 0.0,
  "translate": 0.1,
  "scale": 0.8,
  "fliplr": 0.0,
  "flipud": 0.1,
  "mosaic": 0.5,
  "mixup": 0.1,
  "copy_paste": 0.5,
  "erasing": 0.0,
  "close_mosaic": 0,
  "dropout": 0.2,
  "best_conf": 0.25,
  "count_mse": 4.021978021978022,
  "count_mae": 1.5164835164835164,
  "count_mse_pred_mean": 15.68131868131868,
  "count_mse_true_mean": 15.901098901098901,
  "n_val_images": 91,
  "mAP50": 0.8919038024554463
}