{
  "trial_id": "1776324882819_w0_0009",
  "worker_id": 0,
  "gpu": 0,
  "timestamp": "2026-04-16 02:34:42",
  "duration_sec": 53.33,
  "status": "ok",
  "model": "yolo26n.pt",
  "imgsz": 800,
  "batch": 32,
  "optimizer": "AdamW",
  "lr0": 0.003,
  "lrf": 0.05,
  "momentum": 0.85,
  "weight_decay": 0.0005,
  "warmup_epochs": 5.0,
  "cos_lr": false,
  "box": 7.5,
  "cls": 0.25,
  "dfl": 2.5,
  "hsv_h": 0.0,
  "hsv_s": 0.5,
  "hsv_v": 0.4,
  "degrees": 15.0,
  "translate": 0.0,
  "scale": 0.25,
  "fliplr": 0.0,
  "flipud": 0.0,
  "mosaic": 0.0,
  "mixup": 0.0,
  "copy_paste": 0.0,
  "erasing": 0.0,
  "close_mosaic": 5,
  "dropout": 0.2,
  "best_conf": 0.1,
  "count_mse": 14.764705882352942,
  "count_mae": 3.0392156862745097,
  "count_mse_pred_mean": 18.07843137254902,
  "count_mse_true_mean": 17.54901960784314,
  "n_val_images": 51,
  "mAP50": 0.6695445551695632
}