{
  "trial_id": "1776367331040_w0_0002",
  "worker_id": 0,
  "gpu": 0,
  "timestamp": "2026-04-16 14:22:11",
  "duration_sec": 424.83,
  "status": "ok",
  "model": "yolo26m.pt",
  "imgsz": 1280,
  "batch": 8,
  "optimizer": "AdamW",
  "lr0": 0.003,
  "lrf": 0.05,
  "momentum": 0.937,
  "weight_decay": 0.001,
  "warmup_epochs": 1.0,
  "cos_lr": false,
  "box": 7.5,
  "cls": 0.5,
  "dfl": 1.5,
  "hsv_h": 0.05,
  "hsv_s": 0.7,
  "hsv_v": 0.2,
  "degrees": 0.0,
  "translate": 0.2,
  "scale": 0.25,
  "fliplr": 0.0,
  "flipud": 0.0,
  "mosaic": 1.0,
  "mixup": 0.0,
  "copy_paste": 0.5,
  "erasing": 0.2,
  "close_mosaic": 5,
  "dropout": 0.1,
  "best_conf": 0.3,
  "count_mse": 3.131868131868132,
  "count_mae": 1.3736263736263736,
  "count_mse_pred_mean": 15.692307692307692,
  "count_mse_true_mean": 15.901098901098901,
  "n_val_images": 91,
  "mAP50": 0.9035906137529006
}