{
  "trial_id": "1776377907829_w0_0002",
  "worker_id": 0,
  "gpu": 0,
  "timestamp": "2026-04-16 17:18:27",
  "duration_sec": 306.54,
  "status": "ok",
  "model": "yolo26s.pt",
  "imgsz": 1280,
  "batch": 16,
  "optimizer": "auto",
  "lr0": 0.003,
  "lrf": 0.01,
  "momentum": 0.95,
  "weight_decay": 0.001,
  "warmup_epochs": 5.0,
  "cos_lr": true,
  "box": 5.0,
  "cls": 1.0,
  "dfl": 1.5,
  "hsv_h": 0.015,
  "hsv_s": 0.3,
  "hsv_v": 0.4,
  "degrees": 5.0,
  "translate": 0.0,
  "scale": 0.8,
  "fliplr": 0.0,
  "flipud": 0.1,
  "mosaic": 0.5,
  "mixup": 0.0,
  "copy_paste": 0.0,
  "erasing": 0.0,
  "close_mosaic": 10,
  "dropout": 0.3,
  "best_conf": 0.25,
  "count_mse": 3.4554455445544554,
  "count_mae": 1.4356435643564356,
  "count_mse_pred_mean": 16.455445544554454,
  "count_mse_true_mean": 16.425742574257427,
  "n_val_images": 101,
  "mAP50": 0.8938994172986524
}