{
  "trial_id": "1776320184880_w0_0001",
  "worker_id": 0,
  "gpu": 0,
  "timestamp": "2026-04-16 01:16:24",
  "duration_sec": 128.47,
  "status": "ok",
  "model": "yolo26m.pt",
  "imgsz": 800,
  "batch": 32,
  "optimizer": "SGD",
  "lr0": 0.001,
  "lrf": 0.1,
  "momentum": 0.937,
  "weight_decay": 0.0005,
  "warmup_epochs": 3.0,
  "cos_lr": true,
  "box": 5.0,
  "cls": 0.25,
  "dfl": 0.5,
  "hsv_h": 0.015,
  "hsv_s": 0.9,
  "hsv_v": 0.4,
  "degrees": 15.0,
  "translate": 0.1,
  "scale": 0.25,
  "fliplr": 0.5,
  "flipud": 0.1,
  "mosaic": 1.0,
  "mixup": 0.0,
  "copy_paste": 0.2,
  "erasing": 0.0,
  "close_mosaic": 20,
  "dropout": 0.1,
  "best_conf": 0.25,
  "count_mse": 12.549019607843137,
  "count_mae": 2.588235294117647,
  "count_mse_pred_mean": 17.54901960784314,
  "count_mse_true_mean": 17.54901960784314,
  "n_val_images": 51,
  "mAP50": 0.8217979862453577
}