{
  "trial_id": "1776365961207_w0_0000",
  "worker_id": 0,
  "gpu": 0,
  "timestamp": "2026-04-16 13:59:21",
  "duration_sec": 157.62,
  "status": "ok",
  "model": "yolo26s.pt",
  "imgsz": 960,
  "batch": 16,
  "optimizer": "AdamW",
  "lr0": 0.001,
  "lrf": 0.05,
  "momentum": 0.9,
  "weight_decay": 0.001,
  "warmup_epochs": 1.0,
  "cos_lr": true,
  "box": 7.5,
  "cls": 1.0,
  "dfl": 2.5,
  "hsv_h": 0.015,
  "hsv_s": 0.7,
  "hsv_v": 0.2,
  "degrees": 15.0,
  "translate": 0.0,
  "scale": 0.8,
  "fliplr": 0.5,
  "flipud": 0.1,
  "mosaic": 0.5,
  "mixup": 0.25,
  "copy_paste": 0.5,
  "erasing": 0.4,
  "close_mosaic": 10,
  "dropout": 0.1,
  "best_conf": 0.25,
  "count_mse": 4.615384615384615,
  "count_mae": 1.6043956043956045,
  "count_mse_pred_mean": 16.12087912087912,
  "count_mse_true_mean": 15.901098901098901,
  "n_val_images": 91,
  "mAP50": 0.8872222240045475
}