{
  "trial_id": "1776324308020_w0_0004",
  "worker_id": 0,
  "gpu": 0,
  "timestamp": "2026-04-16 02:25:08",
  "duration_sec": 257.37,
  "status": "ok",
  "model": "yolo26m.pt",
  "imgsz": 1280,
  "batch": 8,
  "optimizer": "SGD",
  "lr0": 0.0005,
  "lrf": 0.1,
  "momentum": 0.937,
  "weight_decay": 0.0,
  "warmup_epochs": 1.0,
  "cos_lr": true,
  "box": 10.0,
  "cls": 1.0,
  "dfl": 2.5,
  "hsv_h": 0.015,
  "hsv_s": 0.3,
  "hsv_v": 0.4,
  "degrees": 0.0,
  "translate": 0.2,
  "scale": 0.25,
  "fliplr": 0.5,
  "flipud": 0.1,
  "mosaic": 0.5,
  "mixup": 0.1,
  "copy_paste": 0.0,
  "erasing": 0.4,
  "close_mosaic": 20,
  "dropout": 0.2,
  "best_conf": 0.2,
  "count_mse": 7.137254901960785,
  "count_mae": 1.9607843137254901,
  "count_mse_pred_mean": 17.54901960784314,
  "count_mse_true_mean": 17.54901960784314,
  "n_val_images": 51,
  "mAP50": 0.858270195797438
}