{
  "trial_id": "1776359557056_w1_0001",
  "worker_id": 1,
  "gpu": 1,
  "timestamp": "2026-04-16 12:12:37",
  "duration_sec": 208.37,
  "status": "ok",
  "model": "yolo26n.pt",
  "imgsz": 1280,
  "batch": 8,
  "optimizer": "SGD",
  "lr0": 0.0001,
  "lrf": 0.05,
  "momentum": 0.937,
  "weight_decay": 0.0,
  "warmup_epochs": 5.0,
  "cos_lr": false,
  "box": 2.0,
  "cls": 0.25,
  "dfl": 0.5,
  "hsv_h": 0.0,
  "hsv_s": 0.7,
  "hsv_v": 0.6,
  "degrees": 5.0,
  "translate": 0.2,
  "scale": 0.8,
  "fliplr": 0.0,
  "flipud": 0.1,
  "mosaic": 1.0,
  "mixup": 0.0,
  "copy_paste": 0.5,
  "erasing": 0.4,
  "close_mosaic": 0,
  "dropout": 0.1,
  "best_conf": 0.15,
  "count_mse": 53.31868131868132,
  "count_mae": 5.648351648351649,
  "count_mse_pred_mean": 13.923076923076923,
  "count_mse_true_mean": 15.901098901098901,
  "n_val_images": 91,
  "mAP50": 0.367427216092991
}